CREATE DATABASE TOURFIESTA;
-- DROP DATABASE TOURFIESTA;
USE TOURFIESTA;

CREATE TABLE UserInfo(
    UserID INT PRIMARY KEY,
    Username VARCHAR(20) NOT NULL,
    Password VARCHAR(45) NOT NULL,
    Email VARCHAR(100) UNIQUE NOT NULL,
    name VARCHAR(20) NOT NULL,
    Address VARCHAR(200) NOT NULL,
    Phone VARCHAR(20) UNIQUE NOT NULL
);

INSERT INTO UserInfo(UserID, Username, Password, Email, name, Address, Phone)
VALUES
(1, 'rahul_verma', 'rahul123', 'rahul.verma@gmail.com', 'Rahul Verma', 'A-123, Nehru Nagar, New Delhi, India', '+91-9876543210'),
(2, 'pooja_sharma', 'pooja@2024', 'pooja.sharma@yahoo.com', 'Pooja Sharma', 'B-56, MG Road, Mumbai, Maharashtra, India', '+91-9876543221'),
(3, 'vijay_kumar', 'vijay456', 'vijay.kumar@outlook.com', 'Vijay Kumar', '123, Anna Nagar, Chennai, Tamil Nadu, India', '+91-9876543232'),
(4, 'anita_mehta', 'anita@mehta', 'anita.mehta@gmail.com', 'Anita Mehta', 'Flat 12, Jayanagar, Bangalore, Karnataka, India', '+91-9876543243'),
(5, 'arjun_patil', 'arjun@patil007', 'arjun.patil@hotmail.com', 'Arjun Patil', 'Plot 42, Shivaji Park, Pune, Maharashtra, India', '+91-9876543254'),
(6, 'simran_kaur', 'simrankaur#123', 'simran.kaur@yahoo.in', 'Simran Kaur', 'H-16, Sector 18, Noida, Uttar Pradesh, India', '+91-9876543265'),
(7, 'deepak_yadav', 'deepakY22', 'deepak.yadav@gmail.com', 'Deepak Yadav', 'D-10, Civil Lines, Jaipur, Rajasthan, India', '+91-9876543276'),
(8, 'nikhil_singh', 'nikhil@singh', 'nikhil.singh@rediffmail.com', 'Nikhil Singh', 'B-2, Vashi, Navi Mumbai, Maharashtra, India', '+91-9876543287'),
(9, 'neha_agarwal', 'neha_agarwal@999', 'neha.agarwal@outlook.com', 'Neha Agarwal', 'Apartment 502, Whitefield, Bangalore, Karnataka, India', '+91-9876543298'),
(10, 'rohit_mahajan', 'rohit1234', 'rohit.mahajan@gmail.com', 'Rohit Mahajan', 'C-18, Greater Kailash, New Delhi, India', '+91-9876543211'),
(11, 'priya_deshmukh', 'priya456', 'priya.deshmukh@yahoo.com', 'Priya Deshmukh', 'Flat 4, Andheri West, Mumbai, Maharashtra, India', '+91-9876543222'),
(12, 'amit_tiwari', 'amit@tiwari', 'amit.tiwari@gmail.com', 'Amit Tiwari', 'H-20, Sector 62, Noida, Uttar Pradesh, India', '+91-9876543233'),
(13, 'rekha_chawla', 'rekha@2023', 'rekha.chawla@gmail.com', 'Rekha Chawla', 'D-18, Koramangala, Bangalore, Karnataka, India', '+91-9876543244'),
(14, 'sandeep_gupta', 'sandeep123', 'sandeep.gupta@hotmail.com', 'Sandeep Gupta', '123, Alkapuri, Vadodara, Gujarat, India', '+91-9876543255'),
(15, 'radhika_jain', 'radhikaJain@1', 'radhika.jain@gmail.com', 'Radhika Jain', 'C-45, Park Street, Kolkata, West Bengal, India', '+91-9876543266'),
(16, 'ajay_rana', 'ajay@rana45', 'ajay.rana@outlook.com', 'Ajay Rana', 'B-67, Rajouri Garden, New Delhi, India', '+91-9876543277'),
(17, 'meena_kapoor', 'meena@k', 'meena.kapoor@gmail.com', 'Meena Kapoor', 'Flat 22, Malad East, Mumbai, Maharashtra, India', '+91-9876543288'),
(18, 'kishore_reddy', 'kishore@reddy007', 'kishore.reddy@yahoo.in', 'Kishore Reddy', 'Plot 56, Banjara Hills, Hyderabad, Telangana, India', '+91-9876543299'),
(19, 'swati_saxena', 'swati@88', 'swati.saxena@outlook.com', 'Swati Saxena', 'Apartment 304, MG Road, Gurgaon, Haryana, India', '+91-9876543212'),
(20, 'gopal_nayak', 'gopalN007', 'gopal.nayak@gmail.com', 'Gopal Nayak', 'H-23, Dadar East, Mumbai, Maharashtra, India', '+91-9876543223'),
(21, 'mohit_gupta', 'mohit@gupta2024', 'mohit.gupta@hotmail.com', 'Mohit Gupta', 'C-5, South Extension, New Delhi, India', '+91-9876543234'),
(22, 'ritu_sharma', 'ritu@sharma', 'ritu.sharma@gmail.com', 'Ritu Sharma', 'Flat 9, Juhu, Mumbai, Maharashtra, India', '+91-9876543245'),
(23, 'anil_mishra', 'anil@123', 'anil.mishra@gmail.com', 'Anil Mishra', 'D-19, Boring Road, Patna, Bihar, India', '+91-9876543256'),
(24, 'sunita_singh', 'sunita@singh01', 'sunita.singh@gmail.com', 'Sunita Singh', 'C-27, Vasant Kunj, New Delhi, India', '+91-9876543267'),
(25, 'pankaj_kumar', 'pankaj1234', 'pankaj.kumar@yahoo.in', 'Pankaj Kumar', '123, Gandhi Nagar, Kanpur, Uttar Pradesh, India', '+91-9876543278'),
(26, 'megha_joshi', 'meghaJ@123', 'megha.joshi@gmail.com', 'Megha Joshi', 'H-34, Indiranagar, Lucknow, Uttar Pradesh, India', '+91-9876543289'),
(27, 'deepa_patel', 'deepa_patel2024', 'deepa.patel@hotmail.com', 'Deepa Patel', 'D-10, Navrangpura, Ahmedabad, Gujarat, India', '+91-9876543290'),
(28, 'vikram_singh', 'vikram@007', 'vikram.singh@gmail.com', 'Vikram Singh', 'Flat 12, Sector 10, Chandigarh, India', '+91-9876543213'),
(29, 'nandini_shetty', 'nandini@shetty45', 'nandini.shetty@gmail.com', 'Nandini Shetty', 'H-56, MG Road, Bangalore, Karnataka, India', '+91-9876543224'),
(30, 'pranav_pandey', 'pranav@pandey', 'pranav.pandey@yahoo.com', 'Pranav Pandey', 'B-15, Salt Lake, Kolkata, West Bengal, India', '+91-9876543235'),
(31, 'sanjay_verma', 'sanjay@2024', 'sanjay.verma@gmail.com', 'Sanjay Verma', 'D-45, Sector 21, Noida, Uttar Pradesh, India', '+91-9876543246'),
(32, 'priya_sen', 'priya@sen88', 'priya.sen@outlook.com', 'Priya Sen', 'C-67, Ballygunge, Kolkata, West Bengal, India', '+91-9876543257'),
(33, 'arvind_iyer', 'arvind@iyer', 'arvind.iyer@gmail.com', 'Arvind Iyer', 'H-78, Adyar, Chennai, Tamil Nadu, India', '+91-9876543268'),
(34, 'shruti_gupta', 'shruti@gupta2024', 'shruti.gupta@gmail.com', 'Shruti Gupta', 'Flat 21, Bandra West, Mumbai, Maharashtra, India', '+91-9876543279'),
(35, 'manoj_saxena', 'manoj@007', 'manoj.saxena@hotmail.com', 'Manoj Saxena', '123, Lajpat Nagar, New Delhi, India', '+91-9876543280'),
(36, 'divya_bhatt', 'divya@bhatt', 'divya.bhatt@gmail.com', 'Divya Bhatt', 'H-12, Paldi, Ahmedabad, Gujarat, India', '+91-9876543214'),
(40, 'karan_rathi', 'karan@rathi', 'karan.rathi@gmail.com', 'Karan Rathi', 'D-67, Sion, Mumbai, Maharashtra, India', '+91-9876543241'),
(41, 'madhavi_nair', 'madhavi@nair', 'madhavi.nair@gmail.com', 'Madhavi Nair', 'H-23, MG Road, Kochi, Kerala, India', '+91-9876543252'),
(42, 'rohan_mehra', 'rohanM007', 'rohan.mehra@yahoo.in', 'Rohan Mehra', 'Flat 11, Sector 9, Gurgaon, Haryana, India', '+91-9876543263'),
(43, 'seema_kapoor', 'seema@kapoor2024', 'seema.kapoor@gmail.com', 'Seema Kapoor', 'C-56, Ghatkopar, Mumbai, Maharashtra, India', '+91-9876543274'),
(44, 'vikas_agarwal', 'vikas@agarwal', 'vikas.agarwal@hotmail.com', 'Vikas Agarwal', 'B-23, Ballygunge, Kolkata, West Bengal, India', '+91-9876543285'),
(45, 'neeraj_bhatt', 'neeraj@bhatt88', 'neeraj.bhatt@outlook.com', 'Neeraj Bhatt', 'Plot 34, Vasant Vihar, New Delhi, India', '+91-9876543296'),
(46, 'shweta_saxena', 'shweta@saxena', 'shweta.saxena@gmail.com', 'Shweta Saxena', 'Flat 20, JP Nagar, Bangalore, Karnataka, India', '+91-9876543217'),
(47, 'yash_gupta', 'yash@gupta', 'yash.gupta@gmail.com', 'Yash Gupta', 'D-9, Hazratganj, Lucknow, Uttar Pradesh, India', '+91-9876543228'),
(48, 'praveen_kumar', 'praveen@kumar', 'praveen.kumar@gmail.com', 'Praveen Kumar', 'C-33, Sadar Bazar, Agra, Uttar Pradesh, India', '+91-9876543239'),
(49, 'kanika_mehra', 'kanika@mehra', 'kanika.mehra@hotmail.com', 'Kanika Mehra', 'B-42, Connaught Place, New Delhi, India', '+91-9876543240'),
(50, 'alok_sen', 'alok@sen007', 'alok.sen@gmail.com', 'Alok Sen', 'H-15, Salt Lake, Kolkata, West Bengal, India', '+91-9876543251'),
(51, 'sushant_rao', 'sushant@rao', 'sushant.rao@gmail.com', 'Sushant Rao', 'D-5, Koramangala, Bangalore, Karnataka, India', '+91-9876543219'),
(52, 'isha_bhatnagar', 'isha@bhatnagar', 'isha.bhatnagar@yahoo.com', 'Isha Bhatnagar', 'B-29, Civil Lines, Jaipur, Rajasthan, India', '+91-9876543220'),
(53, 'naveen_nambiar', 'naveen@123', 'naveen.nambiar@gmail.com', 'Naveen Nambiar', 'Flat 13, Marine Drive, Kochi, Kerala, India', '+91-9876543231');

SELECT * FROM UserInfo;

SELECT COUNT(UserID) as Total_Users FROM UserInfo;

CREATE TABLE Destinations(
    Destinationid INT PRIMARY KEY,
    DestinationName VARCHAR(20),
    Location VARCHAR(100),
    type VARCHAR(45),
    description TEXT,
    popular_attraction VARCHAR(50),
    climate VARCHAR(100),
    Average_cost BIGINT,
    rating FLOAT,
    UserID INT,
    FOREIGN KEY(UserID) REFERENCES UserInfo(UserID)
);

INSERT INTO Destinations(Destinationid,DestinationName, Location, type, description, popular_attraction,climate,Average_cost,rating,UserID)
VALUES
(1, 'Agra', 'Uttar Pradesh, India', 'City', 'Home to the world-famous Taj Mahal, one of the Seven Wonders of the World.', 'Taj Mahal', 'Tropical', 2500, 4.9, 1),
(2, 'Jaipur', 'Rajasthan, India', 'City', 'Known as the Pink City, famous for its royal palaces and forts.', 'Amber Fort', 'Arid', 2200, 4.8, 2),
(3, 'Kerala', 'South India', 'State', 'Known for its beautiful backwaters, houseboats, and lush greenery.', 'Alleppey Backwaters', 'Tropical', 1800, 4.7, 3),
(4, 'Leh', 'Ladakh, India', 'Mountain', 'High-altitude region known for its Buddhist monasteries and stunning landscapes.', 'Pangong Lake', 'Cold Desert', 3200, 4.8, 4),
(5, 'Goa', 'West India', 'Beach', 'Famous for its vibrant beaches, nightlife, and Portuguese heritage.', 'Baga Beach', 'Tropical', 2800, 4.7, 5),
(6, 'Varanasi', 'Uttar Pradesh, India', 'City', 'One of the oldest cities in the world, known for its ghats on the Ganges River.', 'Kashi Vishwanath Temple', 'Humid Subtropical', 2000, 4.6, 6),
(7, 'Manali', 'Himachal Pradesh, India', 'Hill Station', 'A beautiful hill station nestled in the mountains, known for its snow-capped peaks.', 'Rohtang Pass', 'Temperate', 2700, 4.7, 7),
(8, 'Rishikesh', 'Uttarakhand, India', 'Town', 'Famous for its spiritual and adventure tourism, including yoga and river rafting.', 'Lakshman Jhula', 'Temperate', 2400, 4.8, 8),
(9, 'Udaipur', 'Rajasthan, India', 'City', 'Known as the City of Lakes, famous for its palaces and water bodies.', 'Lake Pichola', 'Tropical', 2600, 4.7, 9),
(10, 'Mysore', 'Karnataka, India', 'City', 'Famous for its royal heritage, palaces, and vibrant festivals.', 'Mysore Palace', 'Tropical', 2100, 4.6, 10),
(11, 'Shimla', 'Himachal Pradesh, India', 'Hill Station', 'The capital of Himachal Pradesh, known for its Victorian architecture and scenic beauty.', 'The Ridge', 'Temperate', 2300, 4.7, 11),
(12, 'Ooty', 'Tamil Nadu, India', 'Hill Station', 'A popular hill station in the Nilgiri hills, known for its tea gardens.', 'Ooty Lake', 'Tropical Highland', 2000, 4.6, 12),
(13, 'Darjeeling', 'West Bengal, India', 'Hill Station', 'Famous for its tea industry and the stunning views of Mount Kanchenjunga.', 'Tiger Hill', 'Temperate', 2200, 4.8, 13),
(14, 'Hyderabad', 'Telangana, India', 'City', 'Known for its rich history, including the Charminar and delicious biryani.', 'Charminar', 'Tropical Wet and Dry', 2400, 4.7, 9),
(15, 'Pondicherry', 'Tamil Nadu, India', 'City', 'A former French colony known for its serene beaches and colonial architecture.', 'Promenade Beach', 'Tropical', 1900, 4.5, 15),
(16, 'Kolkata', 'West Bengal, India', 'City', 'Cultural capital of India, known for its colonial-era architecture and literary history.', 'Victoria Memorial', 'Tropical Wet and Dry', 2100, 4.7, 16),
(17, 'Hampi', 'Karnataka, India', 'Historical Site', 'An ancient city with ruins of Vijayanagara Empire, a UNESCO World Heritage site.', 'Vittala Temple', 'Tropical', 1800, 4.8, 17),
(18, 'Andaman Islands', 'Andaman and Nicobar, India', 'Island', 'Famous for its pristine beaches and clear blue waters, ideal for scuba diving.', 'Radhanagar Beach', 'Tropical', 3000, 4.9, 18),
(19, 'Ranthambore', 'Rajasthan, India', 'Wildlife Sanctuary', 'A popular wildlife sanctuary famous for tiger sightings.', 'Ranthambore Fort', 'Arid', 2600, 4.6, 19),
(20, 'Khajuraho', 'Madhya Pradesh, India', 'Historical Site', 'Known for its group of Hindu and Jain temples with erotic sculptures.', 'Khajuraho Temples', 'Tropical', 2000, 4.7, 20),
(21, 'Lonavala', 'Maharashtra, India', 'Hill Station', 'A popular weekend getaway from Mumbai, known for its lush green valleys.', 'Tiger Point', 'Tropical', 1800, 4.5, 21),
(22, 'Rameshwaram', 'Tamil Nadu, India', 'Town', 'A pilgrimage town known for its Ramanathaswamy Temple.', 'Ramanathaswamy Temple', 'Tropical', 1700, 4.6, 22),
(23, 'Mahabalipuram', 'Tamil Nadu, India', 'Historical Site', 'Famous for its rock-cut temples and monuments from the Pallava dynasty.', 'Shore Temple', 'Tropical', 1900, 4.7, 23),
(24, 'Jaisalmer', 'Rajasthan, India', 'City', 'Known as the Golden City, famous for its yellow sandstone architecture.', 'Jaisalmer Fort', 'Arid', 2200, 4.8, 24),
(25, 'Chandigarh', 'Punjab/Haryana, India', 'City', 'A modern planned city designed by Le Corbusier, known for its gardens and lakes.', 'Rock Garden', 'Subtropical', 2400, 4.7, 25),
(26, 'Ahmedabad', 'Gujarat, India', 'City', 'A major city known for its textiles, Sabarmati Ashram, and rich history.', 'Sabarmati Ashram', 'Tropical', 2300, 4.6, 26),
(27, 'Rishikesh', 'Uttarakhand, India', 'Town', 'Known as the Yoga Capital of the World and for its river rafting.', 'Triveni Ghat', 'Temperate', 2500, 4.8, 27),
(28, 'Puri', 'Odisha, India', 'City', 'A famous pilgrimage site for Hindus, known for the Jagannath Temple and Puri Beach.', 'Jagannath Temple', 'Tropical', 1900, 4.7, 28),
(29, 'Ajanta', 'Maharashtra, India', 'Historical Site', 'Famous for its ancient rock-cut caves and Buddhist murals.', 'Ajanta Caves', 'Tropical', 1700, 4.8, 29),
(30, 'Ellora', 'Maharashtra, India', 'Historical Site', 'A UNESCO World Heritage Site with rock-cut temples and caves.', 'Ellora Caves', 'Tropical', 1800, 4.7, 30),
(31, 'Kutch', 'Gujarat, India', 'Desert', 'Known for the Rann of Kutch, a white salt desert, and cultural heritage.', 'Rann of Kutch', 'Arid', 2500, 4.6, 31),
(32, 'Amritsar', 'Punjab, India', 'City', 'Home to the Golden Temple, the holiest Sikh shrine.', 'Golden Temple', 'Subtropical', 2400, 4.9, 32),
(33, 'Srinagar', 'Jammu and Kashmir, India', 'City', 'Famous for its houseboats, gardens, and lakes in the Kashmir Valley.', 'Dal Lake', 'Alpine', 3000, 4.8, 33),
(34, 'Alleppey', 'Kerala, India', 'Town', 'Known for its backwaters and houseboat cruises.', 'Alleppey Backwaters', 'Tropical', 2100, 4.7, 34),
(35, 'Madurai', 'Tamil Nadu, India', 'City', 'An ancient city known for its Meenakshi Temple.', 'Meenakshi Temple', 'Tropical', 1600, 4.6, 35),
(36, 'Nainital', 'Uttarakhand, India', 'Hill Station', 'A scenic hill station known for its beautiful lake and pleasant weather.', 'Naini Lake', 'Temperate', 2300, 4.7, 36),
(40, 'Mount Abu', 'Rajasthan, India', 'Hill Station', 'The only hill station in Rajasthan, known for its cool climate and temples.', 'Dilwara Temples', 'Arid', 2400, 4.7, 40),
(41, 'Haridwar', 'Uttarakhand, India', 'City', 'A sacred city where the Ganges exits the Himalayan foothills.', 'Har Ki Pauri', 'Subtropical', 1800, 4.8, 41),
(42, 'Lucknow', 'Uttar Pradesh, India', 'City', 'Famous for its Mughal architecture, gardens, and cultural heritage.', 'Bara Imambara', 'Tropical', 2200, 4.6, 42),
(43, 'Bodh Gaya', 'Bihar, India', 'Town', 'The site of Buddha’s enlightenment, home to the Mahabodhi Temple.', 'Mahabodhi Temple', 'Tropical', 1900, 4.7, 43),
(44, 'Konark', 'Odisha, India', 'Town', 'Famous for its Sun Temple, a UNESCO World Heritage Site.', 'Konark Sun Temple', 'Tropical', 1700, 4.8, 44),
(45, 'Mahabaleshwar', 'Maharashtra, India', 'Hill Station', 'A scenic hill station known for its strawberries and viewpoints.', 'Arthur’s Seat', 'Tropical', 1900, 4.7, 45),
(46, 'Sunderbans', 'West Bengal, India', 'National Park', 'A UNESCO World Heritage Site, known for its mangrove forests and Bengal tigers.', 'Sundarban Mangroves', 'Tropical', 2600, 4.8, 46),
(47, 'Coorg', 'Karnataka, India', 'Hill Station', 'Known for its coffee plantations, lush greenery, and waterfalls.', 'Abbey Falls', 'Tropical Highland', 2500, 4.7, 47),
(48, 'Auli', 'Uttarakhand, India', 'Hill Station', 'A popular skiing destination with stunning views of the Himalayas.', '', 'oak and coniferous forests', 1000, 5.0, 48),
(49, 'Kumarakom', 'Kerala, India', 'Town', 'Famous for its backwaters and bird sanctuary.', 'Kumarakom Bird Sanctuary', 'Tropical', 2000, 4.6, 49),
(50, 'Dharamshala', 'Himachal Pradesh, India', 'Town', 'Known for its Tibetan culture and as the residence of the Dalai Lama.', 'Tsuglagkhang Complex', 'Temperate', 2200, 4.7, 50);

SELECT COUNT(*) AS Total_destination_count FROM Destinations;

SELECT * FROM Destinations WHERE DestinationName = 'Coorg';

SELECT climate, COUNT(*) FROM Destinations GROUP BY climate;


SELECT * FROM Destinations
GROUP BY Destinationid
HAVING rating>4.5
ORDER BY rating DESC;

-- for Visited places - To recommend last visited destinations
SELECT d.DestinationName FROM UserInfo u
INNER JOIN Destinations d
ON u.UserID = d.UserID
WHERE UserName = 'neha_agarwal';

CREATE TABLE Accommodation_Booking(
    booking_id INT PRIMARY KEY,
	UserID INT,
    accommodationID VARCHAR(20),
    bookingdate DATE,
    arrival_date DATE,
    departure_Date DATE,
    total_amount DECIMAL(10,2),
    status VARCHAR(10),
    booking_time TIMESTAMP NULL DEFAULT CURRENT_TIMESTAMP,
    FOREIGN KEY (UserID) REFERENCES UserInfo(UserID),
    UNIQUE(UserID, bookingdate)
);

INSERT INTO Accommodation_Booking(booking_id, UserID, accommodationID, bookingdate, arrival_date, departure_date, total_amount, booking_time, status)
VALUES
(1, 1, 'BLR001', '2024-01-01', '2024-01-05', '2024-01-10', 5000.00, '2023-12-30 10:00:00', 'Confirmed'),
(2, 2, 'BLR002', '2024-02-15', '2024-02-20', '2024-02-25', 7000.00, '2024-01-10 14:30:00', 'Pending'),
(3, 3, 'BLR003', '2024-03-10', '2024-03-15', '2024-03-20', 3000.00, '2024-01-12 09:45:00', 'Cancelled'),
(4, 4, 'BLR004', '2024-01-05', '2024-04-10', '2024-04-15', 4000.00, '2024-02-25 16:15:00', 'Confirmed'),
(5, 5, 'BLR005', '2024-05-20', '2024-05-25', '2024-05-30', 6000.00, '2024-03-05 08:20:00', 'Pending'),
(6, 6, 'BLR001', '2024-06-10', '2024-06-15', '2024-06-20', 4500.00, '2024-03-15 11:05:00', 'Confirmed'),
(34, 34, 'BLR002', '2024-10-25', '2024-10-30', '2024-11-04', 4000.00, '2024-03-20 12:30:00', 'Pending'),
(35, 35, 'BLR003', '2024-10-26', '2024-10-31', '2024-11-05', 6000.00, '2024-04-10 14:00:00', 'Confirmed'),
(10, 10, 'BLR004', '2024-10-01', '2024-10-05', '2024-10-10', 6000.00, '2024-04-15 17:25:00', 'Confirmed'),
(11, 11, 'BLR005', '2024-05-02', '2024-10-05', '2024-10-07', 3000.00, '2024-04-20 15:15:00', 'Cancelled'),
(12, 12, 'BLR001', '2024-10-03', '2024-10-06', '2024-10-09', 2000.00, '2024-05-01 10:10:00', 'Pending'),
(13, 13, 'BLR002', '2024-10-04', '2024-10-07', '2024-10-10', 7000.00, '2024-05-05 09:00:00', 'Confirmed'),
(7, 7, 'BLR003', '2024-07-05', '2024-07-10', '2024-07-15', 3500.00, '2024-06-10 18:40:00', 'Cancelled'),
(8, 8, 'BLR004', '2024-08-25', '2024-08-30', '2024-09-04', 8000.00, '2024-06-15 11:30:00', 'Confirmed'),
(9, 9, 'BLR005', '2024-09-15', '2024-09-20', '2024-09-25', 5500.00, '2024-06-20 13:50:00', 'Pending'),
(14, 14, 'BLR001', '2024-10-05', '2024-10-09', '2024-10-12', 4000.00, '2024-07-01 10:20:00', 'Pending'),
(15, 15, 'BLR002', '2024-10-06', '2024-10-10', '2024-10-12', 6000.00, '2024-07-05 12:00:00', 'Confirmed'),
(16, 16, 'BLR003', '2024-01-07', '2024-10-11', '2024-10-15', 6500.00, '2024-07-15 16:35:00', 'Cancelled'),
(17, 17, 'BLR004', '2024-10-08', '2024-10-12', '2024-10-17', 3000.00, '2024-07-20 14:50:00', 'Confirmed'),
(23, 23, 'BLR005', '2024-10-14', '2024-10-19', '2024-10-24', 4500.00, '2024-08-01 10:10:00', 'Confirmed'),
(24, 24, 'BLR001', '2024-10-15', '2024-10-20', '2024-10-25', 5500.00, '2024-08-05 09:45:00', 'Pending'),
(18, 18, 'BLR002', '2024-10-09', '2024-10-14', '2024-10-18', 5000.00, '2024-08-15 12:30:00', 'Pending'),
(21, 21, 'BLR003', '2024-10-12', '2024-10-17', '2024-10-22', 3000.00, '2024-08-20 11:15:00', 'Confirmed'),
(22, 53, 'BLR004', '2024-10-13', '2024-10-18', '2024-10-23', 7500.00, '2024-08-25 14:00:00', 'Pending'),
(25, 25, 'BLR005', '2024-10-16', '2024-10-21', '2024-10-26', 6000.00, '2024-09-01 16:10:00', 'Confirmed'),
(26, 26, 'BLR001', '2024-10-17', '2024-10-22', '2024-10-27', 4000.00, '2024-09-05 12:50:00', 'Pending'),
(27, 27, 'BLR002', '2024-10-18', '2024-10-23', '2024-10-28', 3500.00, '2024-09-10 14:20:00', 'Confirmed'),
(28, 28, 'BLR003', '2024-10-19', '2024-10-24', '2024-10-29', 5000.00, '2024-09-15 09:55:00', 'Pending'),
(29, 29, 'BLR004', '2024-10-20', '2024-10-25', '2024-10-30', 4500.00, '2024-09-20 17:30:00', 'Confirmed'),
(30, 30, 'BLR005', '2024-10-21', '2024-10-26', '2024-10-31', 6000.00, '2024-09-25 11:40:00', 'Pending'),
(31, 31, 'BLR001', '2024-10-22', '2024-10-27', '2024-11-01', 3500.00, '2024-09-30 15:25:00', 'Confirmed'),
(32, 32, 'BLR002', '2024-10-23', '2024-10-28', '2024-11-02', 7000.00, '2024-10-01 14:15:00', 'Pending'),
(19, 19, 'BLR003', '2024-10-10', '2024-10-15', '2024-10-20', 4500.00, '2024-10-02 10:00:00', 'Confirmed'),
(20, 20, 'BLR004', '2024-10-11', '2024-10-16', '2024-10-21', 3500.00, '2024-10-03 16:30:00', 'Pending'),
(33, 33, 'BLR005', '2024-10-24', '2024-10-29', '2024-11-03', 3000.00, '2024-10-05 09:15:00', 'Confirmed'),
(36, 36, 'BLR001', '2024-10-27', '2024-11-01', '2024-11-06', 5000.00, '2024-10-06 12:45:00', 'Pending');

SELECT City, COUNT(*) FROM Accommodation GROUP BY City;

SELECT COUNT(*) AS High_Rated_Accommodations 
FROM Accommodation 
WHERE rating > 4.0;

SELECT COUNT(*) AS Available_Accommodations 
FROM Accommodation 
WHERE availablerooms > 0;

SELECT * FROM Accommodation_Booking 
WHERE bookingdate BETWEEN '2024-01-01'AND '2024-01-30'
ORDER BY booking_id;

SELECT * FROM Accommodation_Booking 
WHERE accommodationID = 'BLR001'
ORDER BY booking_id, booking_time, bookingdate;

SELECT * FROM Accommodation_Booking
WHERE accommodationID = 'BLR001' AND status = 'confirmed';

SELECT bookingdate, COUNT(status) no_of_confirmed_bookings FROM Accommodation_Booking
WHERE accommodationID = 'BLR001' AND status = 'Confirmed' AND bookingdate BETWEEN '2024-10-01' AND '2024-10-31'
GROUP BY bookingdate;

CREATE TABLE Accommodation (
    accommodation_id VARCHAR(20) PRIMARY KEY,
	UserID INT,
    booking_id INT,
    Destinationid INT, 
    name_of_hotel VARCHAR(45),
    City VARCHAR(100),
    Locality VARCHAR(100),
    stars TINYINT NOT NULL, 
    rating DECIMAL(3, 2) NOT NULL,  
    checkInDate DATE NOT NULL,
    checkOutDate DATE NOT NULL,
    pricepernight DECIMAL(10, 2),
    availablerooms INT,
    wifi VARCHAR(5), 
    swimmingpool VARCHAR(5),
    parking VARCHAR(5),
    restaurant VARCHAR(5),
    laundry VARCHAR(5),
    cafe VARCHAR(5),
    mainImage VARCHAR(100) NOT NULL,
    FOREIGN KEY (UserID) REFERENCES UserInfo(UserID),
    FOREIGN KEY (booking_id) REFERENCES Accommodation_Booking(booking_id),
    FOREIGN KEY (Destinationid) REFERENCES Destinations(Destinationid)
);

INSERT INTO Accommodation (accommodation_id, UserID, booking_id, Destinationid, name_of_hotel, City, Locality, stars, rating, checkInDate, checkOutDate, pricepernight, availablerooms, wifi, swimmingpool, parking, restaurant, laundry, cafe, mainImage)
VALUES
('BLR001', 1, 21, 2, 'Keys Select Hotel', 'Bangalore', 'Whitefield', 3, 4.4, '2024-10-12', '2024-10-14', 1556.00, 8, 'Yes', 'No', 'Yes', 'Yes', 'Yes', 'Yes', 'images/hotels/cities/Bangalore/keysSelect.jpg'),
('BLR002', 2, 20, 4, 'FabHotel Di Oriell', 'Bangalore', 'Koramangla', 3, 3.9, '2024-10-12', '2024-10-14', 1556.00, 8, null, 'No', 'Yes', 'Yes', 'Yes', 'Yes', 'images/hotels/cities/Bangalore/fabhotel.jpg'),
('BLR003', 3, 5, 7, 'The Elite Royal', 'Bangalore', 'HSR Layout', 3, 4.4, '2024-10-12', '2024-10-14', 1486.00, 8, 'Yes', 'No', 'Yes', 'Yes', 'Yes', 'Yes', 'images/hotels/cities/Bangalore/theElite.jpg'),
('BLR004', 4, 8, 4, 'Hotel Ekaa', 'Bangalore', 'Hosur', 3, 3.8, '2024-10-12', '2024-10-14', 1000.00, 8, 'Yes', 'No', 'Yes', 'Yes', 'Yes', 'Yes', 'images/hotels/cities/Bangalore/ekaa.jpg'),
('BLR005', 5, 12, 4, 'Lemon Tree Premiere', 'Bangalore', 'Ulsoor Lake', 4, 4.4, '2024-10-12', '2024-10-14', 2351.00, 8, 'Yes', 'Yes', 'Yes', 'Yes', 'Yes', 'Yes', 'images/hotels/cities/Bangalore/lemonTree.jpg'),
('BLR006', 6, 13, 10, 'Keys Select Hotel', 'Bangalore', 'Whitefield', 3, 4.4, '2024-10-12', '2024-10-14', 1856.00, 8, 'Yes', 'No', 'Yes', 'Yes', 'Yes', 'Yes', 'images/hotels/cities/Bangalore/keysSelect_2.jpg'),  
('BLR007', 7, 11, 8, 'FabHotel Di Oriell', 'Bangalore', 'Koramangala', 3, 3.9, '2024-10-12', '2024-10-14', 1556.00, 8, null, 'No', 'Yes', 'Yes', 'Yes', 'Yes', 'images/hotels/cities/Bangalore/fabhotel_2.jpg'),  
('BLR008', 8, 15, 7, 'The Elite Royal', 'Bangalore', 'HSR Layout', 3, 4.4, '2024-10-12', '2024-10-14', 1486.00, 8, 'Yes', 'No', 'Yes', 'Yes', 'Yes', 'Yes', 'images/hotels/cities/Bangalore/theElite_2.jpg'),  
('BLR009', 9, 22, 2, 'Taj West End', 'Bangalore', 'MG Road', 5, 4.8, '2024-10-13', '2024-10-15', 8500.00, 5, 'Yes', 'Yes', 'Yes', 'Yes', 'Yes', 'No', 'images/hotels/cities/Bangalore/tajWestEnd.jpg'),
('BLR010', 10, 23, 2, 'The Park Hotel', 'Bangalore', 'Indiranagar', 4, 4.3, '2024-10-12', '2024-10-16', 4900.00, 10, 'Yes', 'Yes', 'Yes', 'Yes', 'No', 'Yes', 'images/hotels/cities/Bangalore/parkHotel.jpg'),
('DEL001', 1, 24, 3, 'Radisson Blu', 'Delhi', 'Dwarka', 5, 4.7, '2024-10-10', '2024-10-12', 6300.00, 7, null, 'Yes', 'Yes', 'Yes', 'Yes', 'Yes', 'images/hotels/cities/Delhi/radissonBlu.jpg'),
('DEL002', 2, 25, 3, 'Le Meridien', 'Delhi', 'Connaught Place', 5, 4.9, '2024-10-14', '2024-10-17', 11000.00, 4, 'Yes', 'Yes', 'Yes', 'Yes', 'Yes', 'Yes', 'images/hotels/cities/Delhi/leMeridien.jpg'),
('MUM001', 3, 26, 4, 'Trident Nariman Point', 'Mumbai', 'Nariman Point', 5, 4.8, '2024-10-13', '2024-10-15', 9700.00, 6, 'Yes', 'Yes', 'Yes', 'Yes', 'Yes', 'No', 'images/hotels/cities/Mumbai/tridentNariman.jpg'),
('MUM002', 4, 27, 4, 'JW Marriott', 'Mumbai', 'Juhu', 5, 4.9, '2024-10-12', '2024-10-14', 14000.00, 3, 'Yes', 'Yes', 'Yes', 'Yes', 'Yes', 'Yes', 'images/hotels/cities/Mumbai/jwMarriott.jpg'),
('CHE001', 5, 28, 5, 'ITC Grand Chola', 'Chennai', 'Guindy', 5, 4.8, '2024-10-11', '2024-10-13', 8200.00, 8, 'Yes', 'Yes', 'Yes', 'Yes', 'Yes', 'No', 'images/hotels/cities/Chennai/itcGrandChola.jpg'),
('CHE002', 6, 29, 5, 'The Leela Palace', 'Chennai', 'Adyar', 5, 4.9, '2024-10-14', '2024-10-16', 13200.00, 4, 'Yes', 'Yes', 'Yes', 'Yes', 'Yes', 'Yes', 'images/hotels/cities/Chennai/leelaPalace.jpg'),
('HYD001', 7, 30, 6, 'Novotel', 'Hyderabad', 'Hitech City', 4, 4.5, '2024-10-12', '2024-10-14', 6700.00, 9, 'Yes', 'Yes', 'Yes', 'Yes', 'Yes', 'No', 'images/hotels/cities/Hyderabad/novotel.jpg'),
('HYD002', 8, 31, 6, 'Taj Krishna', 'Hyderabad', 'Banjara Hills', 5, 4.8, '2024-10-15', '2024-10-17', 9300.00, 5, 'Yes', 'Yes', 'Yes', 'Yes', 'Yes', 'Yes', 'images/hotels/cities/Hyderabad/tajKrishna.jpg'),
('KOL001', 9, 32, 7, 'The Oberoi Grand', 'Kolkata', 'Park Street', 5, 4.9, '2024-10-13', '2024-10-15', 11500.00, 3, 'Yes', 'Yes', 'Yes', 'Yes', 'Yes', 'No', 'images/hotels/cities/Kolkata/oberoiGrand.jpg'),
('KOL002', 10, 33, 7, 'Hyatt Regency', 'Kolkata', 'Salt Lake City', 5, 4.7, '2024-10-11', '2024-10-14', 7400.00, 7, 'Yes', 'Yes', 'Yes', 'Yes', 'Yes', 'Yes', 'images/hotels/cities/Kolkata/hyattRegency.jpg'),
('GOA001', 11, 34, 8, 'Taj Fort Aguada', 'Goa', 'Candolim', 5, 4.9, '2024-10-10', '2024-10-12', 16000.00, 2, null, 'Yes', 'Yes', 'Yes', 'Yes', 'Yes', 'images/hotels/cities/Goa/tajFortAguada.jpg'),
('GOA002', 12, 35, 8, 'Novotel Goa Resort', 'Goa', 'Calangute', 4, 4.6, '2024-10-12', '2024-10-14', 9500.00, 6, 'Yes', 'Yes', 'Yes', 'Yes', 'Yes', 'No', 'images/hotels/cities/Goa/novotelGoa.jpg'),
('BLR011', 13, 36, 2, 'Hyatt Centric', 'Bangalore', 'MG Road', 5, 4.8, '2024-10-14', '2024-10-16', 8800.00, 3, 'Yes', 'Yes', 'Yes', 'Yes', 'Yes', 'Yes', 'images/hotels/cities/Bangalore/hyattCentric.jpg'),
('BLR012', 14, 7, 2, 'Sheraton Grand', 'Bangalore', 'Rajajinagar', 5, 4.7, '2024-10-10', '2024-10-13', 7800.00, 5, 'Yes', 'Yes', 'Yes', 'Yes', 'Yes', 'Yes', 'images/hotels/cities/Bangalore/sheratonGrand.jpg'),
('DEL003', 15, 8, 3, 'The Lodhi', 'Delhi', 'Lodhi Road', 5, 4.9, '2024-10-13', '2024-10-16', 9500.00, 4, 'Yes', 'Yes', 'Yes', 'Yes', 'Yes', 'Yes', 'images/hotels/cities/Delhi/lodhi.jpg'),
('DEL004', 16, 19, 3, 'Vivanta by Taj', 'Delhi', 'Dwarka', 4, 4.6, '2024-10-11', '2024-10-13', 5900.00, 6, 'Yes', 'Yes', 'Yes', 'Yes', 'Yes', 'No', 'images/hotels/cities/Delhi/vivanta.jpg'),
('MUM003', 17, 20, 4, 'The Oberoi', 'Mumbai', 'Nariman Point', 5, 4.9, '2024-10-15', '2024-10-18', 12000.00, 4, 'Yes', 'Yes', 'Yes', 'Yes', 'Yes', 'Yes', 'images/hotels/cities/Mumbai/oberoiMumbai.jpg'),
('MUM004', 18, 31, 4, 'Four Seasons', 'Mumbai', 'Worli', 5, 4.8, '2024-10-10', '2024-10-13', 13500.00, 3, 'Yes', 'Yes', 'Yes', 'Yes', 'Yes', 'No', 'images/hotels/cities/Mumbai/fourSeasons.jpg'),
('CHE003', 19, 12, 5, 'Radisson Blu', 'Chennai', 'Egmore', 4, 4.5, '2024-10-12', '2024-10-14', 7200.00, 5, 'Yes', 'Yes', 'Yes', 'Yes', 'Yes', 'Yes', 'images/hotels/cities/Chennai/radissonBlu.jpg'),
('CHE004', 20, 13, 5, 'Park Hyatt', 'Chennai', 'Velachery', 5, 4.7, '2024-10-13', '2024-10-16', 10500.00, 4, 'Yes', 'Yes', 'Yes', 'Yes', 'Yes', 'Yes', 'images/hotels/cities/Chennai/parkHyatt.jpg'),
('HYD003', 21, 14, 6, 'Mercure Hyderabad', 'Hyderabad', 'Begumpet', 4, 4.4, '2024-10-12', '2024-10-14', 6300.00, 7, 'Yes', 'Yes', 'Yes', 'Yes', 'Yes', 'Yes', 'images/hotels/cities/Hyderabad/mercureHyderabad.jpg'),
('HYD004', 22, 15, 6, 'Marriott Hotel', 'Hyderabad', 'Tank Bund Road', 5, 4.8, '2024-10-14', '2024-10-16', 8900.00, 5, 'Yes', 'Yes', 'Yes', 'Yes', 'Yes', 'Yes', 'images/hotels/cities/Hyderabad/marriottHyderabad.jpg'),
('KOL005', 23, 26, 7, 'ITC Sonar', 'Kolkata', 'Science City', 5, 4.7, '2024-10-11', '2024-10-14', 7800.00, 5, 'Yes', 'Yes', 'Yes', 'Yes', 'Yes', 'No', 'images/hotels/cities/Kolkata/itcSonar.jpg'),
('KOL006', 24, 27, 7, 'Swissotel', 'Kolkata', 'New Town', 5, 4.6, '2024-10-13', '2024-10-15', 9500.00, 6, 'Yes', 'Yes', 'Yes', 'Yes', 'Yes', 'Yes', 'images/hotels/cities/Kolkata/swissotel.jpg'),
('GOA005', 25, 28, 8, 'Alila Diwa Goa', 'Goa', 'Majorda', 5, 4.8, '2024-10-12', '2024-10-14', 12500.00, 4, 'Yes', 'Yes', 'Yes', 'Yes', 'Yes', 'Yes', 'images/hotels/cities/Goa/alilaDiwa.jpg'),
('GOA006', 26, 29, 8, 'Planet Hollywood', 'Goa', 'Utorda', 4, 4.5, '2024-10-15', '2024-10-18', 10200.00, 5, 'Yes', 'Yes', 'Yes', 'Yes', 'Yes', 'Yes', 'images/hotels/cities/Goa/planetHollywood.jpg'),
('BLR018', 27, 4, 2, 'Ibis Bengaluru', 'Bangalore', 'Koramangala', 3, 4.2, '2024-10-11', '2024-10-13', 4200.00, 10, 'Yes', 'No', 'Yes', 'Yes', 'Yes', 'No', 'images/hotels/cities/Bangalore/ibisKoramangala.jpg'),
('DEL007', 28, 5, 3, 'The Suryaa', 'Delhi', 'New Friends Colony', 5, 4.7, '2024-10-14', '2024-10-17', 7200.00, 8, 'Yes', 'Yes', 'Yes', 'Yes', 'Yes', 'No', 'images/hotels/cities/Delhi/theSuryaa.jpg'),
('MUM007', 29, 16, 4, 'The Lalit', 'Mumbai', 'Andheri', 5, 4.8, '2024-10-10', '2024-10-13', 8500.00, 5, 'Yes', 'Yes', 'Yes', 'Yes', 'Yes', 'Yes', 'images/hotels/cities/Mumbai/lalitAndheri.jpg'),
('CHE007', 30, 23, 5, 'The Accord Metropolitan', 'Chennai', 'T Nagar', 4, 4.5, '2024-10-12', '2024-10-14', 6800.00, 7, 'Yes', 'Yes', 'Yes', 'Yes', 'Yes', 'No', 'images/hotels/cities/Chennai/accordMetropolitan.jpg'),
('HYD007', 31, 19, 6, 'Avasa Hotel', 'Hyderabad', 'Hitech City', 4, 4.4, '2024-10-11', '2024-10-13', 5400.00, 6, 'Yes', 'Yes', 'Yes', 'Yes', 'Yes', 'No', 'images/hotels/cities/Hyderabad/avasaHotel.jpg'),
('KOL007', 32, 11, 7, 'Peerless Inn', 'Kolkata', 'Esplanade', 4, 4.3, '2024-10-13', '2024-10-16', 5900.00, 10, 'Yes', 'No', 'Yes', 'Yes', 'Yes', 'Yes', 'images/hotels/cities/Kolkata/peerlessInn.jpg'),
('GOA007', 33, 10, 8, 'Zuri White Sands', 'Goa', 'Varca', 5, 4.7, '2024-10-14', '2024-10-17', 9500.00, 4, 'Yes', 'Yes', 'Yes', 'Yes', 'Yes', 'No', 'images/hotels/cities/Goa/zuriWhiteSands.jpg'),
('BLR019', 34, 1, 2, 'Oakwood Premier Prestige', 'Bangalore', 'UB City', 5, 4.8, '2024-10-11', '2024-10-13', 10200.00, 6, 'Yes', 'Yes', 'Yes', 'Yes', 'Yes', 'Yes', 'images/hotels/cities/Bangalore/oakwoodPremier.jpg'),
('DEL008', 35, 2, 3, 'Jaypee Siddharth', 'Delhi', 'Rajendra Place', 4, 4.5, '2024-10-12', '2024-10-15', 6500.00, 9, 'Yes', 'Yes', 'Yes', 'Yes', 'Yes', 'Yes', 'images/hotels/cities/Delhi/jaypeeSiddharth.jpg'),
('MUM008', 36, 3, 4, 'Intercontinental Marine Drive', 'Mumbai', 'Marine Drive', 5, 4.9, '2024-10-13', '2024-10-16', 13000.00, 3, 'Yes', 'Yes', 'Yes', 'Yes', 'Yes', 'Yes', 'images/hotels/cities/Mumbai/intercontinentalMarine.jpg');

SELECT COUNT(*) FROM Accommodation WHERE City = 'Bangalore';

SELECT COUNT(DISTINCT City) FROM Accommodation;

SELECT City, COUNT(*) AS Total_Accommodations 
FROM Accommodation 
GROUP BY City;


SELECT COUNT(*) 
FROM Accommodation 
WHERE wifi IS NULL;

SELECT COUNT(wifi) FROM Accommodation
WHERE wifi = 'Yes';

SELECT COUNT(*) 
FROM Accommodation A 
WHERE A.stars >= 4;

SELECT City, (
	SELECT COUNT(*) FROM UserInfo WHERE City = A.City
    ) AS Total_Users 
FROM Accommodation A;

SELECT MAX(a.pricepernight) as pricepernight, a.* FROM Accommodation a
WHERE name_of_hotel = 'Keys Select Hotel'
GROUP BY accommodation_id;

SELECT u.*,b.*,a.*
FROM UserInfo u
INNER JOIN Accommodation_Booking b ON u.UserID = b.UserID 
INNER JOIN Accommodation a ON b.accommodationID = a.accommodation_id
WHERE a.accommodation_id = 'BLR001'
AND b.status = 'Confirmed';

CREATE TABLE Activity(
    activity_id INT PRIMARY KEY,
    activity_name VARCHAR(50),
    NameOfHotel VARCHAR(50),
    location VARCHAR(100),
    date DATE,
    time TIME,
    price BIGINT,
    capacity_of_num_of_participants INT,
    Destinationid INT,
    FOREIGN KEY (Destinationid) REFERENCES Destinations(Destinationid),
    UNIQUE(NameOfHotel, location)
);

INSERT INTO Activity(activity_id, activity_name, NameOfHotel, location, date, time, price, capacity_of_num_of_participants,Destinationid)
VALUES 
(1, 'Desert Safari', 'Taj Palace', 'Jaisalmer, Rajasthan, India', '2024-11-01', '08:00:00', 4000, 30, 24),
(2, 'Beach Yoga', 'Leela Palace', 'Goa, India', '2024-12-02', '06:30:00', 5000, 25, 5),
(3, 'Backwater Cruise', 'Vivanta by Taj', 'Alleppey, Kerala, India', '2024-11-15', '09:00:00', 7000, 40, 34),
(4, 'Cultural Dance', 'Oberoi Udaivilas', 'Udaipur, Rajasthan, India', '2024-11-20', '19:30:00', 8500, 50, 9),
(5, 'City Tour', 'Taj Mahal Hotel', 'Mumbai, Maharashtra, India', '2024-12-10', '11:00:00', 6500, 35, NULL),
(6, 'Tiger Safari', 'Ranthambore Safari Lodge', 'Sawai Madhopur, Rajasthan, India', '2024-11-30', '06:00:00', 6000, 40, NULL),
(7, 'Mountain Trek', 'Radisson Blu', 'Leh, Ladakh, India', '2024-12-01', '07:30:00', 10000, 20, 4),
(8, 'Camel Ride', 'Rambagh Palace', 'Jaipur, Rajasthan, India', '2024-11-05', '17:00:00', 3500, 45, 2),
(9, 'Ganges Aarti', NULL, 'Varanasi, Uttar Pradesh, India', '2024-12-12', '18:30:00', 5500, 50, 6),
(10, 'Wildlife Safari', NULL, 'Ranthambore, Rajasthan, India', '2024-11-25', '05:30:00', 9500, 35, NULL),
(11, 'Cultural Heritage Tour', 'Lalit Ashok', 'Bangalore, Karnataka, India', '2024-11-18', '14:00:00', 4000, 30, NULL),
(12, 'Beach Bonfire', 'Radisson Blu', 'Goa, India', '2024-12-15', '19:00:00', 6000, 50, 5),
(13, 'Elephant Ride', 'Le Meridien', 'Jaipur, Rajasthan, India', '2024-11-22', '15:00:00', 5000, 40, 2),
(14, 'City Sightseeing', 'Hyatt Regency', 'Chennai, Tamil Nadu, India', '2024-12-05', '09:30:00', 4500, 35, 14),
(15, 'Cave Tour', 'Taj Exotica', 'Aurangabad, Maharashtra, India', '2024-11-10', '10:00:00', 7000, 20, 15),
(16, 'Tea Estate Tour', 'Trident', 'Darjeeling, West Bengal, India', '2024-12-01', '11:00:00', 3000, 25, 16),
(17, 'Snow Trekking', 'Oberoi Wildflower Hall', 'Shimla, Himachal Pradesh, India', '2024-12-20', '08:00:00', 9000, 30, 17),
(18, 'Sunset Cruise', 'Taj Lake Palace', 'Udaipur, Rajasthan, India', '2024-11-28', '17:30:00', 12000, 40, 18),
(19, 'Fort Tour', 'ITC Grand Bharat', 'Gurgaon, Haryana, India', '2024-12-25', '12:00:00', 8000, 35, 19),
(20, 'Hot Air Balloon', 'Leela Palace', 'Jaipur, Rajasthan, India', '2024-12-30', '06:00:00', 15000, 20, 20);

SELECT COUNT(*) 
FROM Activity 
WHERE DestinationID = 5;

SELECT COUNT(*) 
FROM Activity 
WHERE DestinationID = 5;

SELECT * FROM Activity
WHERE Destinationid = 5;

CREATE TABLE FlightBookings(
	FlightbookingID INT(10) PRIMARY KEY,
	username VARCHAR(50),
    date VARCHAR(50),
    cancelled VARCHAR(20) ,
    origin VARCHAR(50),
    destination VARCHAR(50),
    passengers INT(10),
    type VARCHAR(50)
);

INSERT INTO FlightBookings(FlightbookingID, username,date, cancelled, origin,destination,passengers,type)
VALUES
(3, '', 'Friday 29th of September 2017 at 12:00:59 AM', '', '', '', 0, ''),
(4, '', 'Friday 29th of September 2017 at 12:01:21 AM', '', '', '', 0, ''),
(5, '', 'Friday 29th of September 2017 at 12:02:11 AM', 'no', '', '', 0, ''),
(6, '', 'Friday 29th of September 2017 at 12:03:37 AM', 'no', '', '', 0, ''),
(7, '', 'Friday 29th of September 2017 at 12:04:13 AM', 'no', '', '', 0, ''),
(8, '', 'Friday 29th of September 2017 at 12:05:59 AM', 'no', '', '', 0, ''),
(9, '', 'Friday 29th of September 2017 at 12:06:37 AM', 'no', '', '', 0, ''),
(10, '', 'Friday 29th of September 2017 at 12:08:51 AM', 'no', '', '', 0, ''),
(11, '', 'Friday 29th of September 2017 at 12:09:33 AM', 'no', '', '', 0, ''),
(12, '', 'Friday 29th of September 2017 at 12:10:00 AM', 'no', '', '', 0, ''),
(13, '', 'Friday 29th of September 2017 at 12:11:14 AM', 'no', '', '', 0, ''),
(14, '', 'Friday 29th of September 2017 at 05:29:44 PM', 'no', '', '', 0, ''),
(15, '', 'Friday 29th of September 2017 at 05:31:25 PM', 'no', '', '', 0, ''),
(16, '', 'Friday 29th of September 2017 at 05:33:05 PM', 'no', '', '', 0, ''),
(17, 'joydeepguwahati', 'Saturday 30th of September 2017 at 05:14:35 PM', 'no', '', '', 0, ''),
(18, 'joydeepguwahati', 'Saturday 30th of September 2017 at 05:44:14 PM', 'no', '', '', 0, ''),
(24, '', 'Saturday 30th of September 2017 at 08:17:33 PM', 'no', '', '', 0, ''),
(25, '', 'Saturday 30th of September 2017 at 10:07:15 PM', 'no', '', '', 0, ''),
(31, 'joydeep', '04-10-2017', 'yes', 'Guwahati', 'Kolkata', 0, 'OneWayFlight'),
(32, 'joydeep', '04-10-2017', 'yes', 'Guwahati', 'Kolkata', 0, 'OneWayFlight'),
(33, 'joydeep', '04-10-2017', 'yes', 'Guwahati', 'Kolkata', 4, 'ReturnTripFlight'),
(34, 'joydeep', '05-10-2017', 'yes', 'Kolkata', 'Guwahati', 4, 'OneWayFlight'),
(35, 'joydeep', '07-10-2017', 'yes', 'Guwahati', 'Kolkata', 4, 'OneWayFlight'),
(36, 'joydeep', '10-10-2017', 'yes', 'Guwahati', 'Kolkata', 4, 'ReturnTripFlight'),
(37, 'joydeep', '14-10-2017', 'yes', '', '', 0, 'hotel'),
(38, 'joydeep', '15-10-2017', 'yes', '', '', 0, 'hotel'),
(39, 'joydeep', '15-10-2017', 'yes', '', '', 0, 'hotel'),
(40, 'joydeep', '15-10-2017', 'yes', '', '', 0, 'hotel'),
(41, 'joydeep', '15-10-2017', 'yes', '', '', 0, 'hotel'),
(42, 'joydeep', '15-10-2017', 'yes', '', '', 0, ''),
(43, 'joydeep', '15-10-2017', 'yes', '', '', 0, ''),
(44, 'joydeep', '15-10-2017', 'yes', '', '', 0, ''),
(45, 'joydeep', '15-10-2017', 'yes', '', '', 0, ''),
(46, 'joydeep', '15-10-2017', 'yes', '', '', 0, ''),
(47, 'joydeep', '15-10-2017', 'yes', '', '', 0, ''),
(48, 'joydeep', '15-10-2017', 'yes', '', '', 0, ''),
(49, 'joydeep', '15-10-2017', 'yes', '', '', 0, ''),
(50, 'joydeep', '15-10-2017', 'yes', '', '', 0, ''),
(51, 'joydeep', '15-10-2017', 'yes', '', '', 0, ''),
(52, 'joydeep', '15-10-2017', 'yes', '', '', 0, ''),
(53, 'joydeep', '16-10-2017', 'yes', '', '', 0, ''),
(54, 'joydeep', '16-10-2017', 'yes', '', '', 0, ''),
(55, 'joydeep', '16-10-2017', 'yes', '', '', 0, ''),
(56, 'joydeep', '16-10-2017', 'yes', '', '', 0, ''),
(57, 'joydeep', '16-10-2017', 'yes', '', '', 0, ''),
(58, 'joydeep', '16-10-2017', 'yes', '', '', 0, ''),
(59, 'joydeep', '16-10-2017', 'yes', '', '', 0, ''),
(60, 'joydeep', '16-10-2017', 'yes', '', '', 0, ''),
(61, 'joydeep', '16-10-2017', 'yes', '', '', 0, ''),
(62, 'joydeep', '16-10-2017', 'yes', '', '', 0, ''),
(63, 'joydeep', '16-10-2017', 'yes', '', '', 0, ''),
(64, 'joydeep', '16-10-2017', 'yes', '', '', 0, ''),
(65, 'joydeep', '16-10-2017', 'yes', '', '', 0, ''),
(66, 'joydeep', '16-10-2017', 'yes', '', '', 0, ''),
(67, 'joydeep', '16-10-2017', 'yes', '', '', 0, ''),
(68, 'joydeep', '16-10-2017', 'yes', '', '', 0, ''),
(69, 'joydeep', '16-10-2017', 'yes', '', '', 0, ''),
(70, 'joydeep', '16-10-2017', 'yes', '', '', 0, ''),
(71, 'joydeep', '16-10-2017', 'yes', '', '', 0, ''),
(72, 'joydeep', '16-10-2017', 'yes', '', '', 0, ''),
(73, 'joydeep', '16-10-2017', 'yes', '', '', 0, ''),
(74, 'joydeep', '16-10-2017', 'yes', '', '', 0, ''),
(75, 'joydeep', '16-10-2017', 'yes', '', '', 0, ''),
(76, 'joydeep', '16-10-2017', 'yes', 'Guwahati', 'Kolkata', 4, 'OneWayFlight'),
(77, 'joydeep', '17-10-2017', 'yes', 'Guwahati', 'Kolkata', 3, 'ReturnTripFlight'),
(78, 'joydeep', '26-10-2017', 'yes', 'Guwahati', 'Kolkata', 4, 'ReturnTripFlight'),
(79, 'joydeep', '30-10-2017', 'no', 'Guwahati', 'Kolkata', 4, 'OneWayFlight'),
(80, 'joydeep', '02-11-2017', 'yes', 'Bhopal', 'Jaipur', 4, 'OneWayFlight'),
(81, 'joydeep', '03-11-2017', 'no', 'Guwahati', 'Bengaluru', 7, 'OneWayFlight'),
(82, 'joydeep', '05-11-2017', 'yes', 'Guwahati', 'Pune', 3, 'ReturnTripFlight'),
(83, 'joydeep', '05-11-2017', 'yes', 'Guwahati', 'Pune', 3, 'ReturnTripFlight'),
(84, 'joydeep', '05-11-2017', 'no', 'Guwahati', 'Pune', 3, 'ReturnTripFlight'),
(85, 'joydeep', '06-11-2017', 'no', 'Guwahati', 'Pune', 3, 'ReturnTripFlight'),
(86, 'joydeep', '07-11-2017', 'no', 'Guwahati', 'Pune', 3, 'ReturnTripFlight'),
(87, 'joydeep', '07-11-2017', 'yes', 'Guwahati', 'Pune', 3, 'ReturnTripFlight'),
(88, 'joydeep', '07-11-2017', 'no', 'Guwahati', 'Pune', 3, 'ReturnTripFlight'),
(89, 'joydeep', '07-11-2017', 'yes', '', '', 0, ''),
(90, 'joydeep', '17-12-2017', 'no', 'Guwahati', 'Pune', 4, 'ReturnTripFlight'),
(91, 'joydeep', '18-12-2017', 'no', 'New Delhi', 'Hyderabad', 12, 'OneWayFlight'),
(92, 'joydeep', '18-12-2017', 'no', 'Guwahati', 'New Delhi', 1, 'OneWayFlight'),
(93, 'joydeep', '18-12-2017', 'no', 'Kolkata', 'Bengaluru', 2, 'OneWayFlight'),
(94, 'joydeep', '18-12-2017', 'no', 'Guwahati', 'Pune', 2, 'ReturnTripFlight'),
(95, 'joydeep', '30-03-2018', 'no', ' ', ' ', 5, 'bus'),
(96, 'joydeep', '30-03-2018', 'no', ' ', ' ', 5, 'bus'),
(97, 'joydeep', '30-03-2018', 'no', ' ', ' ', 5, 'bus'),
(98, 'joydeep', '30-03-2018', 'no', ' ', ' ', 5, 'bus'),
(99, 'joydeep', '30-03-2018', 'no', ' ', ' ', 5, 'bus'),
(100, 'joydeep', '30-03-2018', 'no', ' ', ' ', 5, 'bus'),
(101, 'joydeep', '30-03-2018', 'no', ' ', ' ', 5, 'bus'),
(102, 'joydeep', '30-03-2018', 'no', ' ', ' ', 5, 'bus'),
(103, 'joydeep', '30-03-2018', 'no', ' ', ' ', 5, 'bus'),
(104, 'joydeep', '30-03-2018', 'no', ' ', ' ', 5, 'bus'),
(105, 'joydeep', '30-03-2018', 'no', ' ', ' ', 5, 'bus'),
(106, 'joydeep', '30-03-2018', 'no', ' ', ' ', 5, 'bus'),
(107, 'joydeep', '30-03-2018', 'no', ' ', ' ', 5, 'bus'),
(108, 'joydeep', '30-03-2018', 'no', ' ', ' ', 5, 'bus'),
(109, 'joydeep', '30-03-2018', 'no', ' ', ' ', 5, 'bus'),
(110, 'joydeep', '30-03-2018', 'no', ' ', ' ', 5, 'bus');

SELECT * FROM FlightBookings
WHERE FlightbookingID = 97;

SELECT * FROM FlightBookings
WHERE date = '05-11-2017';

CREATE TABLE Flight(
    flight_id VARCHAR(10) PRIMARY KEY,
    airline VARCHAR(30),
    Destination_airport VARCHAR(30),
    distance INT(10),
    price DECIMAL(10,2),
    class VARCHAR(10),
    available_seats INT,
    Departure_TIME VARCHAR(10),
    Arrival_Time VARCHAR(10),
    Operator VARCHAR(25),
    origin_code VARCHAR(10),
    destination_code VARCHAR(10),
    refundable VARCHAR(40),
    noOfBookings INT(10)
);

INSERT INTO Flight(flight_id, airline, Destination_airport,distance,price,class,available_seats, Departure_TIME, Arrival_Time, Operator,origin_code, destination_code,refundable,noOfBookings)
VALUES
(' GHY-035', 'Guwahati', 'Bengaluru', 0, 34606, 'Business', 25, '15:30', '17:25', 'Jet Airways', 'GAU', 'BLR', 'Non-Refundable', 0),
(' JAI-139', 'Jaipur', 'Chennai', 0, 32621, 'Business', 3, '13:20', '14:50', 'Jet Airways', 'JAI', 'MAA', 'Non-Refundable', 0),
('AI-090', 'Guwahati', 'Hyderabad', 0, 28816, 'Business', 5, '02:00', '03:30', 'AirIndia', 'GAU', 'HYD', 'Non-Refundable', 0),
('BHO-001', 'Bhopal', 'Ahmedabad', 0, 2500, 'Economy', 12, '18:55', '03:15', 'Spicejet', 'BHO', 'AMD', 'Non-Refundable', 0),
('BHO-002', 'Bhopal', 'Ahmedabad', 0, 2600, 'Economy', 6, '6:20', '13:50', 'Spicejet', 'BHO', 'AMD', 'Refundable', 0),
('BHO-003', 'Bhopal', 'Ahmedabad', 0, 2318, 'Economy', 6, '9:55', '16:15', 'Spicejet', 'BHO', 'AMD', 'Refundable', 0),
('BHO-004', 'Bhopal', 'Ahmedabad', 0, 2915, 'Economy', 8, '5:00', '12:30', 'AirIndia', 'BHO', 'AMD', 'Refundable', 0),
('BHO-005', 'Bhopal', 'Ahmedabad', 0, 2915, 'Economy', 23, '20:05', '05:40', 'AirIndia', 'BHO', 'AMD', 'Non-Refundable', 0),
('BHO-006', 'Bhopal', 'Ahmedabad', 0, 2700, 'Economy', 15, '19:30', '02:15', 'AirIndia', 'BHO', 'AMD', 'Refundable', 0),
('BHO-007', 'Bhopal', 'Ahmedabad', 0, 2000, 'Economy', 16, '17:00', '06:40', 'AirIndia', 'BHO', 'AMD', 'Non-Refundable', 0),
('BHO-008', 'Bhopal', 'Ahmedabad', 0, 2786, 'Economy', 6, '19:25', '09:50', 'Jet Airways', 'BHO', 'AMD', 'Refundable', 0),
('BHO-009', 'Bhopal', 'Ahmedabad', 0, 2786, 'Economy', 15, '06:20', '14:50', 'Jet Airways', 'BHO', 'AMD', 'Refundable', 0),
('BHO-010', 'Bhopal', 'Ahmedabad', 0, 1800, 'Economy', 2, '06:35', '15:10', 'Vistara', 'BHO', 'AMD', 'Non-Refundable', 0),
('BHO-011', 'Bhopal', 'Ahmedabad', 0, 12500, 'Business', 5, '5:00', '6:30', 'AirIndia', 'BHO', 'AMD', 'Non-Refundable', 0),
('BHO-012', 'Bhopal', 'Ahmedabad', 0, 12500, 'Business', 10, '20:05', '21:40', 'AirIndia', 'BHO', 'AMD', 'Non-Refundable', 0),
('BHO-013', 'Bhopal', 'Ahmedabad', 0, 12500, 'Business', 4, '16:30', '18:15', 'AirIndia', 'BHO', 'AMD', 'Non-Refundable', 0),
('BHO-014', 'Bhopal', 'Ahmedabad', 0, 24900, 'Business', 3, '7:00', '18:40', 'AirIndia', 'BHO', 'AMD', 'Non-Refundable', 0),
('BHO-015', 'Bhopal', 'Ahmedabad', 0, 24900, 'Business', 9, '8:00', '6:40', 'AirIndia', 'BHO', 'AMD', 'Non-Refundable', 0),
('BHO-016', 'Bhopal', 'Ahmedabad', 0, 16200, 'Business', 2, '6:35', '8:10', 'Vistara', 'BHO', 'AMD', 'Non-Refundable', 0),
('BHO-017', 'Bhopal', 'Ahmedabad', 0, 16200, 'Business', 6, '8:15', '10:00', 'Vistara', 'BHO', 'AMD', 'Non-Refundable', 0),
('BHO-018', 'Bhopal', 'Ahmedabad', 0, 16200, 'Business', 10, '18:20', '20:00', 'Vistara', 'BHO', 'AMD', 'Non-Refundable', 0),
('BHO-019', 'Bhopal', 'Ahmedabad', 0, 12621, 'Business', 3, '13:20', '14:50', 'Jet Airways', 'BHO', 'AMD', 'Non-Refundable', 0),
('BHO-020', 'Bhopal', 'Ahmedabad', 0, 12621, 'Business', 7, '23:10', '0:35', 'Jet Airways', 'BHO', 'AMD', 'Non-Refundable', 0),
('BHO-021', 'Bhopal', 'Bengaluru', 0, 8500, 'Economy', 12, '18:55', '03:15', 'Spicejet', 'BHO', 'BLR', 'Non-Refundable', 0),
('BHO-022', 'Bhopal', 'Bengaluru', 0, 7600, 'Economy', 6, '6:20', '13:50', 'Spicejet', 'BHO', 'BLR', 'Refundable', 0),
('BHO-023', 'Bhopal', 'Bengaluru', 0, 9318, 'Economy', 6, '9:55', '16:15', 'Spicejet', 'BHO', 'BLR', 'Refundable', 0),
('BHO-024', 'Bhopal', 'Bengaluru', 0, 8915, 'Economy', 8, '5:00', '12:30', 'AirIndia', 'BHO', 'BLR', 'Refundable', 0),
('BHO-025', 'Bhopal', 'Bengaluru', 0, 8915, 'Economy', 23, '20:05', '05:40', 'AirIndia', 'BHO', 'BLR', 'Non-Refundable', 0),
('BHO-026', 'Bhopal', 'Bengaluru', 0, 9700, 'Economy', 15, '19:30', '02:15', 'AirIndia', 'BHO', 'BLR', 'Refundable', 0),
('BHO-027', 'Bhopal', 'Bengaluru', 0, 7000, 'Economy', 16, '17:00', '06:40', 'AirIndia', 'BHO', 'BLR', 'Non-Refundable', 0),
('BHO-028', 'Bhopal', 'Bengaluru', 0, 9786, 'Economy', 6, '19:25', '09:50', 'Jet Airways', 'BHO', 'BLR', 'Refundable', 0),
('BHO-029', 'Bhopal', 'Bengaluru', 0, 9786, 'Economy', 15, '06:20', '14:50', 'Jet Airways', 'BHO', 'BLR', 'Refundable', 0),
('BHO-030', 'Bhopal', 'Bengaluru', 0, 9000, 'Economy', 2, '06:35', '15:10', 'Vistara', 'BHO', 'BLR', 'Non-Refundable', 0),
('BHO-031', 'Bhopal', 'Bengaluru', 0, 12500, 'Business', 5, '5:00', '6:30', 'AirIndia', 'BHO', 'BLR', 'Non-Refundable', 0),
('BHO-032', 'Bhopal', 'Bengaluru', 0, 12500, 'Business', 10, '20:05', '21:40', 'AirIndia', 'BHO', 'BLR', 'Non-Refundable', 0),
('BHO-033', 'Bhopal', 'Bengaluru', 0, 12500, 'Business', 4, '16:30', '18:15', 'AirIndia', 'BHO', 'BLR', 'Non-Refundable', 0),
('BHO-034', 'Bhopal', 'Bengaluru', 0, 24900, 'Business', 3, '7:00', '18:40', 'AirIndia', 'BHO', 'BLR', 'Non-Refundable', 0),
('BHO-035', 'Bhopal', 'Bengaluru', 0, 24900, 'Business', 9, '8:00', '6:40', 'AirIndia', 'BHO', 'BLR', 'Non-Refundable', 0),
('BHO-036', 'Bhopal', 'Bengaluru', 0, 16200, 'Business', 2, '6:35', '8:10', 'Vistara', 'BHO', 'BLR', 'Non-Refundable', 0),
('BHO-037', 'Bhopal', 'Bengaluru', 0, 16200, 'Business', 6, '8:15', '10:00', 'Vistara', 'BHO', 'BLR', 'Non-Refundable', 0),
('BHO-038', 'Bhopal', 'Bengaluru', 0, 16200, 'Business', 10, '18:20', '20:00', 'Vistara', 'BHO', 'BLR', 'Non-Refundable', 0),
('BHO-039', 'Bhopal', 'Bengaluru', 0, 12621, 'Business', 3, '13:20', '14:50', 'Jet Airways', 'BHO', 'BLR', 'Non-Refundable', 0),
('BHO-040', 'Bhopal', 'Bengaluru', 0, 12621, 'Business', 7, '23:10', '00:35', 'Jet Airways', 'BHO', 'BLR', 'Non-Refundable', 0),
('BHO-041', 'Bhopal', 'Mumbai', 0, 8500, 'Economy', 12, '18:55', '03:15', 'Spicejet', 'BHO', 'BOM', 'Non-Refundable', 0),
('BHO-042', 'Bhopal', 'Mumbai', 0, 7600, 'Economy', 6, '6:20', '13:50', 'Spicejet', 'BHO', 'BOM', 'Refundable', 0),
('BHO-043', 'Bhopal', 'Mumbai', 0, 9318, 'Economy', 6, '9:55', '16:15', 'Spicejet', 'BOM', 'JAI', 'Refundable', 0),
('BHO-044', 'Bhopal', 'Mumbai', 0, 8915, 'Economy', 8, '5:00', '12:30', 'AirIndia', 'BHO', 'BOM', 'Refundable', 0),
('BHO-045', 'Bhopal', 'Mumbai', 0, 8915, 'Economy', 23, '20:05', '05:40', 'AirIndia', 'BHO', 'BOM', 'Non-Refundable', 0),
('BHO-046', 'Bhopal', 'Mumbai', 0, 9700, 'Economy', 15, '19:30', '02:15', 'AirIndia', 'BHO', 'BOM', 'Refundable', 0),
('BHO-047', 'Bhopal', 'Mumbai', 0, 7000, 'Economy', 16, '17:00', '06:40', 'AirIndia', 'BHO', 'BOM', 'Non-Refundable', 0),
('BHO-048', 'Bhopal', 'Mumbai', 0, 9786, 'Economy', 6, '19:25', '09:50', 'Jet Airways', 'BHO', 'BOM', 'Refundable', 0),
('BHO-049', 'Bhopal', 'Mumbai', 0, 9786, 'Economy', 15, '06:20', '14:50', 'Jet Airways', 'BHO', 'BOM', 'Refundable', 0),
('BHO-050', 'Bhopal', 'Mumbai', 0, 9000, 'Economy', 2, '06:35', '15:10', 'Vistara', 'BHO', 'BOM', 'Non-Refundable', 0),
('BHO-051', 'Bhopal', 'Mumbai', 0, 12500, 'Business', 5, '5:00', '6:30', 'AirIndia', 'BHO', 'BOM', 'Non-Refundable', 0),
('BHO-052', 'Bhopal', 'Mumbai', 0, 12500, 'Business', 10, '20:05', '21:40', 'AirIndia', 'BHO', 'BOM', 'Non-Refundable', 0),
('BHO-053', 'Bhopal', 'Mumbai', 0, 12500, 'Business', 4, '16:30', '18:15', 'AirIndia', 'BHO', 'BOM', 'Non-Refundable', 0),
('BHO-054', 'Bhopal', 'Mumbai', 0, 24900, 'Business', 3, '7:00', '18:40', 'AirIndia', 'BHO', 'BOM', 'Non-Refundable', 0),
('BHO-055', 'Bhopal', 'Mumbai', 0, 24900, 'Business', 9, '8:00', '6:40', 'AirIndia', 'BHO', 'BOM', 'Non-Refundable', 0),
('BHO-056', 'Bhopal', 'Mumbai', 0, 26200, 'Business', 2, '6:35', '8:10', 'Vistara', 'BHO', 'BOM', 'Non-Refundable', 0),
('BHO-057', 'Bhopal', 'Mumbai', 0, 36200, 'Business', 6, '8:15', '10:00', 'Vistara', 'BHO', 'BOM', 'Non-Refundable', 0),
('BHO-058', 'Bhopal', 'Mumbai', 0, 36200, 'Business', 10, '18:20', '20:00', 'Vistara', 'BHO', 'BOM', 'Non-Refundable', 0),
('BHO-059', 'Bhopal', 'Mumbai', 0, 32621, 'Business', 3, '13:20', '14:50', 'Jet Airways', 'BHO', 'BOM', 'Non-Refundable', 0),
('BHO-060', 'Bhopal', 'Mumbai', 0, 42621, 'Business', 7, '23:10', '0:35', 'Jet Airways', 'BHO', 'BOM', 'Non-Refundable', 0),
('BHO-061', 'Bhopal', 'Kolkata', 0, 3500, 'Economy', 12, '18:55', '03:15', 'Spicejet', 'BHO', 'CCU', 'Non-Refundable', 0),
('BHO-062', 'Bhopal', 'Kolkata', 0, 3600, 'Economy', 6, '6:20', '13:50', 'Spicejet', 'BHO', 'CCU', 'Refundable', 0),
('BHO-063', 'Bhopal', 'Kolkata', 0, 3318, 'Economy', 6, '9:55', '16:15', 'Spicejet', 'BHO', 'CCU', 'Refundable', 0),
('BHO-064', 'Bhopal', 'Kolkata', 0, 3915, 'Economy', 8, '5:00', '12:30', 'AirIndia', 'BHO', 'CCU', 'Refundable', 0),
('BHO-065', 'Bhopal', 'Kolkata', 0, 3915, 'Economy', 23, '20:05', '05:40', 'AirIndia', 'BHO', 'CCU', 'Non-Refundable', 0),
('BHO-066', 'Bhopal', 'Kolkata', 0, 3700, 'Economy', 15, '19:30', '02:15', 'AirIndia', 'BHO', 'CCU', 'Refundable', 0),
('BHO-067', 'Bhopal', 'Kolkata', 0, 3000, 'Economy', 16, '17:00', '06:40', 'AirIndia', 'BHO', 'CCU', 'Non-Refundable', 0),
('BHO-068', 'Bhopal', 'Kolkata', 0, 3786, 'Economy', 6, '19:25', '09:50', 'Jet Airways', 'BHO', 'CCU', 'Refundable', 0),
('BHO-069', 'Bhopal', 'Kolkata', 0, 3786, 'Economy', 15, '06:20', '14:50', 'Jet Airways', 'BHO', 'CCU', 'Refundable', 0),
('BHO-070', 'Bhopal', 'Kolkata', 0, 3000, 'Economy', 2, '06:35', '15:10', 'Vistara', 'BHO', 'CCU', 'Non-Refundable', 0),
('BHO-071', 'Bhopal', 'Kolkata', 0, 12500, 'Business', 5, '5:00', '6:30', 'AirIndia', 'BHO', 'CCU', 'Non-Refundable', 0),
('BHO-072', 'Bhopal', 'Kolkata', 0, 12500, 'Business', 10, '20:05', '21:40', 'AirIndia', 'BHO', 'CCU', 'Non-Refundable', 0),
('BHO-073', 'Bhopal', 'Kolkata', 0, 12500, 'Business', 4, '16:30', '18:15', 'AirIndia', 'BHO', 'CCU', 'Non-Refundable', 0),
('BHO-074', 'Bhopal', 'Kolkata', 0, 24900, 'Business', 3, '7:00', '18:40', 'AirIndia', 'BHO', 'CCU', 'Non-Refundable', 0),
('BHO-075', 'Bhopal', 'Kolkata', 0, 24900, 'Business', 9, '8:00', '6:40', 'AirIndia', 'BHO', 'CCU', 'Non-Refundable', 0),
('BHO-076', 'Bhopal', 'Kolkata', 0, 16200, 'Business', 2, '6:35', '8:10', 'Vistara', 'BHO', 'CCU', 'Non-Refundable', 0),
('BHO-077', 'Bhopal', 'Kolkata', 0, 16200, 'Business', 6, '8:15', '10:00', 'Vistara', 'BHO', 'CCU', 'Non-Refundable', 0),
('BHO-078', 'Bhopal', 'Kolkata', 0, 16200, 'Business', 10, '18:20', '20:00', 'Vistara', 'BHO', 'CCU', 'Non-Refundable', 0),
('BHO-079', 'Bhopal', 'Kolkata', 0, 12621, 'Business', 3, '13:20', '14:50', 'Jet Airways', 'BHO', 'CCU', 'Non-Refundable', 0),
('BHO-080', 'Bhopal', 'Kolkata', 0, 12621, 'Business', 7, '23:10', '0:35', 'Jet Airways', 'BHO', 'CCU', 'Non-Refundable', 0),
('BHO-081', 'Bhopal', 'New Delhi', 0, 8500, 'Economy', 12, '18:55', '03:15', 'Spicejet', 'BHO', 'DEL', 'Non-Refundable', 0),
('BHO-082', 'Bhopal', 'New Delhi', 0, 7600, 'Economy', 6, '6:20', '13:50', 'Spicejet', 'BHO', 'DEL', 'Refundable', 0),
('BHO-083', 'New Delhi', 'Jaipur', 0, 9318, 'Economy', 6, '9:55', '16:15', 'Spicejet', 'BHO', 'DEL', 'Refundable', 0),
('BHO-084', 'Bhopal', 'New Delhi', 0, 8915, 'Economy', 8, '5:00', '12:30', 'AirIndia', 'BHO', 'DEL', 'Refundable', 0),
('BHO-085', 'Bhopal', 'New Delhi', 0, 8915, 'Economy', 23, '20:05', '05:40', 'AirIndia', 'BHO', 'DEL', 'Non-Refundable', 0),
('BHO-086', 'Bhopal', 'New Delhi', 0, 9700, 'Economy', 15, '19:30', '02:15', 'AirIndia', 'BHO', 'DEL', 'Refundable', 0),
('BHO-087', 'Bhopal', 'New Delhi', 0, 7000, 'Economy', 16, '17:00', '06:40', 'AirIndia', 'BHO', 'DEL', 'Non-Refundable', 0),
('BHO-088', 'Bhopal', 'New Delhi', 0, 9786, 'Economy', 6, '19:25', '09:50', 'Jet Airways', 'BHO', 'DEL', 'Refundable', 0),
('BHO-089', 'Bhopal', 'New Delhi', 0, 9786, 'Economy', 15, '06:20', '14:50', 'Jet Airways', 'BHO', 'DEL', 'Refundable', 0),
('BHO-090', 'Bhopal', 'New Delhi', 0, 9000, 'Economy', 2, '06:35', '15:10', 'Vistara', 'BHO', 'DEL', 'Non-Refundable', 0),
('BHO-091', 'Bhopal', 'New Delhi', 0, 12500, 'Business', 5, '5:00', '6:30', 'AirIndia', 'BHO', 'DEL', 'Non-Refundable', 0),
('BHO-092', 'Bhopal', 'New Delhi', 0, 12500, 'Business', 10, '20:05', '21:40', 'AirIndia', 'BHO', 'DEL', 'Non-Refundable', 0),
('BHO-093', 'Bhopal', 'New Delhi', 0, 12500, 'Business', 4, '16:30', '18:15', 'AirIndia', 'BHO', 'DEL', 'Non-Refundable', 0),
('BHO-094', 'Bhopal', 'New Delhi', 0, 24900, 'Business', 3, '7:00', '18:40', 'AirIndia', 'BHO', 'DEL', 'Non-Refundable', 0),
('BHO-095', 'Bhopal', 'New Delhi', 0, 24900, 'Business', 9, '8:00', '6:40', 'AirIndia', 'BHO', 'DEL', 'Non-Refundable', 0),
('BHO-096', 'Bhopal', 'New Delhi', 0, 16200, 'Business', 2, '6:35', '8:10', 'Vistara', 'BHO', 'DEL', 'Non-Refundable', 0),
('BHO-097', 'Bhopal', 'New Delhi', 0, 16200, 'Business', 6, '8:15', '10:00', 'Vistara', 'BHO', 'DEL', 'Non-Refundable', 0),
('BHO-098', 'Bhopal', 'New Delhi', 0, 16200, 'Business', 10, '18:20', '20:00', 'Vistara', 'BHO', 'DEL', 'Non-Refundable', 0),
('BHO-099', 'Bhopal', 'New Delhi', 0, 12621, 'Business', 3, '13:20', '14:50', 'Jet Airways', 'BHO', 'DEL', 'Non-Refundable', 0),
('BHO-100', 'Bhopal', 'New Delhi', 0, 12621, 'Business', 7, '23:10', '0:35', 'Jet Airways', 'BHO', 'DEL', 'Non-Refundable', 0),
('BHO-101', 'Bhopal', 'Guwahati', 0, 7500, 'Economy', 12, '18:55', '03:15', 'Spicejet', 'BHO', 'GAU', 'Non-Refundable', 0),
('BHO-102', 'Bhopal', 'Guwahati', 0, 7600, 'Economy', 6, '6:20', '13:50', 'Spicejet', 'BHO', 'GAU', 'Refundable', 0),
('BHO-103', 'Bhopal', 'Guwahati', 0, 9318, 'Economy', 6, '9:55', '16:15', 'Spicejet', 'BHO', 'GAU', 'Refundable', 0),
('BHO-104', 'Bhopal', 'Guwahati', 0, 7915, 'Economy', 8, '5:00', '12:30', 'AirIndia', 'BHO', 'GAU', 'Refundable', 0),
('BHO-105', 'Bhopal', 'Guwahati', 0, 7915, 'Economy', 23, '20:05', '05:40', 'AirIndia', 'BHO', 'GAU', 'Non-Refundable', 0),
('BHO-106', 'Bhopal', 'Guwahati', 0, 6700, 'Economy', 15, '19:30', '02:15', 'AirIndia', 'BHO', 'GAU', 'Refundable', 0),
('BHO-107', 'Bhopal', 'Guwahati', 0, 7000, 'Economy', 16, '17:00', '06:40', 'AirIndia', 'BHO', 'GAU', 'Non-Refundable', 0),
('BHO-108', 'Bhopal', 'Guwahati', 0, 6786, 'Economy', 6, '19:25', '09:50', 'Jet Airways', 'BHO', 'GAU', 'Refundable', 0),
('BHO-109', 'Bhopal', 'Guwahati', 0, 6786, 'Economy', 15, '06:20', '14:50', 'Jet Airways', 'BHO', 'GAU', 'Refundable', 0),
('BHO-110', 'Bhopal', 'Guwahati', 0, 9000, 'Economy', 2, '06:35', '15:10', 'Vistara', 'BHO', 'GAU', 'Non-Refundable', 0),
('BHO-111', 'Bhopal', 'Guwahati', 0, 32500, 'Business', 5, '5:00', '6:30', 'AirIndia', 'BHO', 'GAU', 'Non-Refundable', 0),
('BHO-112', 'Bhopal', 'Guwahati', 0, 22500, 'Business', 10, '20:05', '21:40', 'AirIndia', 'BHO', 'GAU', 'Non-Refundable', 0),
('BHO-113', 'Bhopal', 'Guwahati', 0, 22500, 'Business', 4, '16:30', '18:15', 'AirIndia', 'BHO', 'GAU', 'Non-Refundable', 0),
('BHO-114', 'Bhopal', 'Guwahati', 0, 24900, 'Business', 3, '7:00', '18:40', 'AirIndia', 'BHO', 'GAU', 'Non-Refundable', 0),
('BHO-115', 'Bhopal', 'Guwahati', 0, 34900, 'Business', 9, '8:00', '6:40', 'AirIndia', 'BHO', 'GAU', 'Non-Refundable', 0),
('BHO-116', 'Bhopal', 'Guwahati', 0, 36200, 'Business', 2, '6:35', '8:10', 'Vistara', 'BHO', 'GAU', 'Non-Refundable', 0),
('BHO-117', 'Bhopal', 'Guwahati', 0, 36200, 'Business', 6, '8:15', '10:00', 'Vistara', 'BHO', 'GAU', 'Non-Refundable', 0),
('BHO-118', 'Bhopal', 'Guwahati', 0, 36200, 'Business', 10, '18:20', '20:00', 'Vistara', 'BHO', 'GAU', 'Non-Refundable', 0),
('BHO-119', 'Bhopal', 'Guwahati', 0, 52621, 'Business', 3, '13:20', '14:50', 'Jet Airways', 'BHO', 'GAU', 'Non-Refundable', 0),
('BHO-120', 'Bhopal', 'Guwahati', 0, 42621, 'Business', 7, '23:10', '0:35', 'Jet Airways', 'BHO', 'GAU', 'Non-Refundable', 0),
('BHO-121', 'Bhopal', 'Goa', 0, 5500, 'Economy', 12, '18:55', '03:15', 'Spicejet', 'BHO', 'GOI', 'Non-Refundable', 0),
('BHO-122', 'Bhopal', 'Goa', 0, 5600, 'Economy', 6, '6:20', '13:50', 'Spicejet', 'BHO', 'GOI', 'Refundable', 0),
('BHO-123', 'Bhopal', 'Goa', 0, 5318, 'Economy', 6, '9:55', '16:15', 'Spicejet', 'BHO', 'GOI', 'Refundable', 0),
('BHO-124', 'Bhopal', 'Goa', 0, 8915, 'Economy', 8, '5:00', '12:30', 'AirIndia', 'BHO', 'GOI', 'Refundable', 0),
('BHO-125', 'Bhopal', 'Goa', 0, 8915, 'Economy', 23, '20:05', '05:40', 'AirIndia', 'BHO', 'GOI', 'Non-Refundable', 0),
('BHO-126', 'Bhopal', 'Goa', 0, 5700, 'Economy', 15, '19:30', '02:15', 'AirIndia', 'BHO', 'GOI', 'Refundable', 0),
('BHO-127', 'Bhopal', 'Goa', 0, 5000, 'Economy', 16, '17:00', '06:40', 'AirIndia', 'BHO', 'GOI', 'Non-Refundable', 0),
('BHO-128', 'Bhopal', 'Goa', 0, 6799, 'Economy', 6, '19:25', '09:50', 'Jet Airways', 'BHO', 'GOI', 'Refundable', 0),
('BHO-129', 'Bhopal', 'Goa', 0, 7777, 'Economy', 15, '06:20', '14:50', 'Jet Airways', 'BHO', 'GOI', 'Refundable', 0),
('BHO-130', 'Bhopal', 'Goa', 0, 6000, 'Economy', 2, '06:35', '15:10', 'Vistara', 'BHO', 'GOI', 'Non-Refundable', 0),
('BHO-131', 'Bhopal', 'Goa', 0, 12500, 'Business', 5, '5:00', '6:30', 'AirIndia', 'BHO', 'GOI', 'Non-Refundable', 0),
('BHO-132', 'Bhopal', 'Goa', 0, 12500, 'Business', 10, '20:05', '21:40', 'AirIndia', 'BHO', 'GOI', 'Non-Refundable', 0),
('BHO-133', 'Bhopal', 'Goa', 0, 12500, 'Business', 4, '16:30', '18:15', 'AirIndia', 'BHO', 'GOI', 'Non-Refundable', 0),
('BHO-134', 'Bhopal', 'Goa', 0, 24900, 'Business', 3, '7:00', '18:40', 'AirIndia', 'BHO', 'GOI', 'Non-Refundable', 0),
('BHO-135', 'Bhopal', 'Goa', 0, 24900, 'Business', 9, '8:00', '6:40', 'AirIndia', 'BHO', 'GOI', 'Non-Refundable', 0),
('BHO-136', 'Bhopal', 'Goa', 0, 16200, 'Business', 2, '6:35', '8:10', 'Vistara', 'BHO', 'GOI', 'Non-Refundable', 0),
('BHO-137', 'Bhopal', 'Goa', 0, 16200, 'Business', 6, '8:15', '10:00', 'Vistara', 'BHO', 'GOI', 'Non-Refundable', 0),
('BHO-138', 'Bhopal', 'Goa', 0, 16200, 'Business', 10, '18:20', '20:00', 'Vistara', 'BHO', 'GOI', 'Non-Refundable', 0),
('BHO-139', 'Bhopal', 'Goa', 0, 12621, 'Business', 3, '13:20', '14:50', 'Jet Airways', 'BHO', 'GOI', 'Non-Refundable', 0),
('BHO-140', 'Bhopal', 'Goa', 0, 12621, 'Business', 7, '23:10', '00:35', 'Jet Airways', 'BHO', 'GOI', 'Non-Refundable', 0),
('BHO-141', 'Bhopal', 'Jaipur', 0, 8500, 'Economy', 12, '18:55', '03:15', 'Spicejet', 'BHO', 'JAI', 'Non-Refundable', 0),
('BHO-142', 'Bhopal', 'Jaipur', 0, 7600, 'Economy', 6, '6:20', '13:50', 'Spicejet', 'BHO', 'JAI', 'Refundable', 0),
('BHO-143', 'Bhopal', 'Jaipur', 0, 9318, 'Economy', 6, '9:55', '16:15', 'Spicejet', 'BHO', 'JAI', 'Refundable', 0),
('BHO-144', 'Bhopal', 'Jaipur', 0, 8915, 'Economy', 8, '5:00', '12:30', 'AirIndia', 'BHO', 'JAI', 'Refundable', 0),
('BHO-145', 'Bhopal', 'Jaipur', 0, 8915, 'Economy', 23, '20:05', '05:40', 'AirIndia', 'BHO', 'JAI', 'Non-Refundable', 0),
('BHO-146', 'Bhopal', 'Jaipur', 0, 9700, 'Economy', 15, '19:30', '02:15', 'AirIndia', 'BHO', 'JAI', 'Refundable', 0),
('BHO-147', 'Bhopal', 'Jaipur', 0, 7000, 'Economy', 12, '17:00', '06:40', 'AirIndia', 'BHO', 'JAI', 'Non-Refundable', 4),
('BHO-148', 'Bhopal', 'Jaipur', 0, 9786, 'Economy', 6, '19:25', '09:50', 'Jet Airways', 'BHO', 'JAI', 'Refundable', 0),
('BHO-149', 'Bhopal', 'Jaipur', 0, 9786, 'Economy', 15, '06:20', '14:50', 'Jet Airways', 'BHO', 'JAI', 'Refundable', 0),
('BHO-150', 'Bhopal', 'Jaipur', 0, 9000, 'Economy', 2, '06:35', '15:10', 'Vistara', 'BHO', 'JAI', 'Non-Refundable', 0),
('BHO-151', 'Bhopal', 'Jaipur', 0, 12500, 'Business', 5, '5:00', '6:30', 'AirIndia', 'BHO', 'JAI', 'Non-Refundable', 0),
('BHO-152', 'Bhopal', 'Jaipur', 0, 12500, 'Business', 10, '20:05', '21:40', 'AirIndia', 'BHO', 'JAI', 'Non-Refundable', 0),
('BHO-153', 'Bhopal', 'Jaipur', 0, 12500, 'Business', 4, '16:30', '18:15', 'AirIndia', 'BHO', 'JAI', 'Non-Refundable', 0),
('BHO-154', 'Bhopal', 'Jaipur', 0, 24900, 'Business', 3, '7:00', '18:40', 'AirIndia', 'BHO', 'JAI', 'Non-Refundable', 0),
('BHO-155', 'Bhopal', 'Jaipur', 0, 24900, 'Business', 9, '8:00', '6:40', 'AirIndia', 'BHO', 'JAI', 'Non-Refundable', 0),
('BHO-156', 'Bhopal', 'Jaipur', 0, 16200, 'Business', 2, '6:35', '8:10', 'Vistara', 'BHO', 'JAI', 'Non-Refundable', 0),
('BHO-157', 'Bhopal', 'Jaipur', 0, 16200, 'Business', 6, '8:15', '10:00', 'Vistara', 'BHO', 'JAI', 'Non-Refundable', 0),
('BHO-158', 'Bhopal', 'Jaipur', 0, 16200, 'Business', 10, '18:20', '20:00', 'Vistara', 'BHO', 'JAI', 'Non-Refundable', 0),
('BHO-159', 'Bhopal', 'Jaipur', 0, 12621, 'Business', 3, '13:20', '14:50', 'Jet Airways', 'BHO', 'JAI', 'Non-Refundable', 0),
('BHO-160', 'Bhopal', 'Jaipur', 0, 12621, 'Business', 7, '23:10', '00:35', 'Jet Airways', 'BHO', 'JAI', 'Non-Refundable', 0),
('BHO-161', 'Bhopal', 'Chennai', 0, 2500, 'Economy', 12, '18:55', '03:15', 'Spicejet', 'BHO', 'MAA', 'Non-Refundable', 0),
('BHO-162', 'Bhopal', 'Chennai', 0, 2600, 'Economy', 6, '6:20', '13:50', 'Spicejet', 'BHO', 'MAA', 'Refundable', 0),
('BHO-163', 'Bhopal', 'Chennai', 0, 9318, 'Economy', 6, '9:55', '16:15', 'Spicejet', 'BHO', 'MAA', 'Refundable', 0),
('BHO-164', 'Bhopal', 'Chennai', 0, 3000, 'Economy', 8, '5:00', '12:30', 'AirIndia', 'BHO', 'MAA', 'Refundable', 0),
('BHO-165', 'Bhopal', 'Chennai', 0, 4915, 'Economy', 23, '20:05', '05:40', 'AirIndia', 'BHO', 'MAA', 'Non-Refundable', 0),
('BHO-166', 'Bhopal', 'Chennai', 0, 2700, 'Economy', 15, '19:30', '02:15', 'AirIndia', 'BHO', 'MAA', 'Refundable', 0),
('BHO-167', 'Bhopal', 'Chennai', 0, 5000, 'Economy', 16, '17:00', '06:40', 'AirIndia', 'BHO', 'MAA', 'Non-Refundable', 0),
('BHO-168', 'Bhopal', 'Chennai', 0, 3786, 'Economy', 6, '19:25', '09:50', 'Jet Airways', 'BHO', 'MAA', 'Refundable', 0),
('BHO-169', 'Bhopal', 'Chennai', 0, 2786, 'Economy', 15, '06:20', '14:50', 'Jet Airways', 'BHO', 'MAA', 'Refundable', 0),
('BHO-170', 'Bhopal', 'Chennai', 0, 2000, 'Economy', 2, '06:35', '15:10', 'Vistara', 'BHO', 'MAA', 'Non-Refundable', 0),
('BHO-171', 'Bhopal', 'Chennai', 0, 12500, 'Business', 5, '5:00', '6:30', 'AirIndia', 'BHO', 'MAA', 'Non-Refundable', 0),
('BHO-172', 'Bhopal', 'Chennai', 0, 12500, 'Business', 10, '20:05', '21:40', 'AirIndia', 'BHO', 'MAA', 'Non-Refundable', 0),
('BHO-173', 'Bhopal', 'Chennai', 0, 12500, 'Business', 4, '16:30', '18:15', 'AirIndia', 'BHO', 'MAA', 'Non-Refundable', 0),
('BHO-174', 'Bhopal', 'Chennai', 0, 24900, 'Business', 3, '7:00', '18:40', 'AirIndia', 'BHO', 'MAA', 'Non-Refundable', 0),
('BHO-175', 'Bhopal', 'Chennai', 0, 24900, 'Business', 9, '8:00', '6:40', 'AirIndia', 'BHO', 'MAA', 'Non-Refundable', 0),
('BHO-176', 'Bhopal', 'Chennai', 0, 16200, 'Business', 2, '6:35', '8:10', 'Vistara', 'BHO', 'MAA', 'Non-Refundable', 0),
('BHO-177', 'Bhopal', 'Chennai', 0, 16200, 'Business', 6, '8:15', '10:00', 'Vistara', 'BHO', 'MAA', 'Non-Refundable', 0),
('BHO-178', 'Bhopal', 'Chennai', 0, 16200, 'Business', 10, '18:20', '20:00', 'Vistara', 'BHO', 'MAA', 'Non-Refundable', 0),
('BHO-179', 'Bhopal', 'Chennai', 0, 12621, 'Business', 3, '13:20', '14:50', 'Jet Airways', 'BHO', 'MAA', 'Non-Refundable', 0),
('BHO-180', 'Bhopal', 'Chennai', 0, 12621, 'Business', 7, '23:10', '00:35', 'Jet Airways', 'BHO', 'MAA', 'Non-Refundable', 0),
('BHO-181', 'Bhopal', 'Pune', 0, 8500, 'Economy', 12, '18:55', '03:15', 'Spicejet', 'BHO', 'PNQ', 'Non-Refundable', 0),
('BHO-182', 'Bhopal', 'Pune', 0, 7600, 'Economy', 6, '6:20', '13:50', 'Spicejet', 'BHO', 'PNQ', 'Refundable', 0),
('BHO-183', 'Bhopal', 'Pune', 0, 9318, 'Economy', 6, '9:55', '16:15', 'Spicejet', 'BHO', 'PNQ', 'Refundable', 0),
('BHO-184', 'Bhopal', 'Pune', 0, 8915, 'Economy', 8, '5:00', '12:30', 'AirIndia', 'BHO', 'PNQ', 'Refundable', 0),
('BHO-185', 'Bhopal', 'Pune', 0, 8915, 'Economy', 23, '20:05', '05:40', 'AirIndia', 'BHO', 'PNQ', 'Non-Refundable', 0),
('BHO-186', 'Bhopal', 'Pune', 0, 9700, 'Economy', 15, '19:30', '02:15', 'AirIndia', 'BHO', 'PNQ', 'Refundable', 0),
('BHO-187', 'Bhopal', 'Pune', 0, 7000, 'Economy', 16, '17:00', '06:40', 'AirIndia', 'BHO', 'PNQ', 'Non-Refundable', 0),
('BHO-188', 'Bhopal', 'Pune', 0, 9786, 'Economy', 6, '19:25', '09:50', 'Jet Airways', 'BHO', 'PNQ', 'Refundable', 0),
('BHO-189', 'Bhopal', 'Pune', 0, 9786, 'Economy', 15, '06:20', '14:50', 'Jet Airways', 'BHO', 'PNQ', 'Refundable', 0),
('BHO-190', 'Bhopal', 'Pune', 0, 9000, 'Economy', 2, '06:35', '15:10', 'Vistara', 'BHO', 'PNQ', 'Non-Refundable', 0),
('BHO-191', 'Bhopal', 'Pune', 0, 12500, 'Business', 5, '5:00', '6:30', 'AirIndia', 'BHO', 'PNQ', 'Non-Refundable', 0),
('BHO-192', 'Bhopal', 'Pune', 0, 12500, 'Business', 10, '20:05', '21:40', 'AirIndia', 'BHO', 'PNQ', 'Non-Refundable', 0),
('BHO-193', 'Bhopal', 'Pune', 0, 12500, 'Business', 4, '16:30', '18:15', 'AirIndia', 'BHO', 'PNQ', 'Non-Refundable', 0),
('BHO-194', 'Bhopal', 'Pune', 0, 24900, 'Business', 3, '7:00', '18:40', 'AirIndia', 'BHO', 'PNQ', 'Non-Refundable', 0),
('BHO-195', 'Bhopal', 'Pune', 0, 24900, 'Business', 9, '8:00', '6:40', 'AirIndia', 'BHO', 'PNQ', 'Non-Refundable', 0),
('BHO-196', 'Bhopal', 'Pune', 0, 16200, 'Business', 2, '6:35', '8:10', 'Vistara', 'BHO', 'PNQ', 'Non-Refundable', 0),
('BHO-197', 'Bhopal', 'Pune', 0, 16200, 'Business', 6, '8:15', '10:00', 'Vistara', 'BHO', 'PNQ', 'Non-Refundable', 0),
('BHO-198', 'Bhopal', 'Pune', 0, 16200, 'Business', 10, '18:20', '20:00', 'Vistara', 'BHO', 'PNQ', 'Non-Refundable', 0),
('BHO-199', 'Bhopal', 'Pune', 0, 12621, 'Business', 3, '13:20', '14:50', 'Jet Airways', 'BHO', 'PNQ', 'Non-Refundable', 0),
('BHO-200', 'Bhopal', 'Pune', 0, 12621, 'Business', 7, '23:10', '0:35', 'Jet Airways', 'BHO', 'PNQ', 'Non-Refundable', 0),
('CCU-001', 'Kolkata', 'Ahmedabad', 0, 5500, 'Economy', 12, '18:55', '03:15', 'Spicejet', 'CCU', 'AMD', 'Non-Refundable', 0),
('CCU-002', 'Kolkata', 'Ahmedabad', 0, 5500, 'Economy', 6, '6:20', '13:50', 'Spicejet', 'CCU', 'AMD', 'Refundable', 0),
('CCU-003', 'Ahmedabad', 'Pune', 0, 5318, 'Economy', 6, '9:55', '16:15', 'Spicejet', 'CCU', 'AMD', 'Refundable', 0),
('CCU-004', 'Kolkata', 'Ahmedabad', 0, 6015, 'Economy', 8, '5:00', '12:30', 'AirIndia', 'CCU', 'AMD', 'Refundable', 0),
('CCU-005', 'Kolkata', 'Ahmedabad', 0, 7015, 'Economy', 23, '20:05', '05:40', 'AirIndia', 'CCU', 'AMD', 'Non-Refundable', 0),
('CCU-006', 'Kolkata', 'Ahmedabad', 0, 7700, 'Economy', 15, '19:30', '02:15', 'AirIndia', 'CCU', 'AMD', 'Refundable', 0),
('CCU-007', 'Kolkata', 'Ahmedabad', 0, 7000, 'Economy', 16, '17:00', '06:40', 'AirIndia', 'CCU', 'AMD', 'Non-Refundable', 0),
('CCU-008', 'Kolkata', 'Ahmedabad', 0, 10400, 'Economy', 6, '19:25', '09:50', 'Jet Airways', 'CCU', 'AMD', 'Refundable', 0),
('CCU-009', 'Kolkata', 'Ahmedabad', 0, 8726, 'Economy', 15, '06:20', '14:50', 'Jet Airways', 'CCU', 'AMD', 'Refundable', 0),
('CCU-010', 'Kolkata', 'Ahmedabad', 0, 8000, 'Economy', 2, '06:35', '15:10', 'Vistara', 'CCU', 'AMD', 'Non-Refundable', 0),
('CCU-011', 'Kolkata', 'Ahmedabad', 0, 12500, 'Business', 5, '5:00', '6:30', 'AirIndia', 'CCU', 'AMD', 'Non-Refundable', 0),
('CCU-012', 'Kolkata', 'Ahmedabad', 0, 12500, 'Business', 10, '20:05', '21:40', 'AirIndia', 'CCU', 'AMD', 'Non-Refundable', 0),
('CCU-013', 'Kolkata', 'Ahmedabad', 0, 12500, 'Business', 4, '16:30', '18:15', 'AirIndia', 'CCU', 'AMD', 'Non-Refundable', 0),
('CCU-014', 'Kolkata', 'Ahmedabad', 0, 24900, 'Business', 3, '7:00', '18:40', 'AirIndia', 'CCU', 'AMD', 'Non-Refundable', 0),
('CCU-015', 'Kolkata', 'Ahmedabad', 0, 24900, 'Business', 9, '8:00', '6:40', 'AirIndia', 'CCU', 'AMD', 'Non-Refundable', 0),
('CCU-016', 'Kolkata', 'Ahmedabad', 0, 16200, 'Business', 2, '6:35', '8:10', 'Vistara', 'CCU', 'AMD', 'Non-Refundable', 0),
('CCU-017', 'Kolkata', 'Ahmedabad', 0, 16200, 'Business', 6, '8:15', '10:00', 'Vistara', 'CCU', 'AMD', 'Non-Refundable', 0),
('CCU-018', 'Kolkata', 'Ahmedabad', 0, 16200, 'Business', 10, '18:20', '20:00', 'Vistara', 'CCU', 'AMD', 'Non-Refundable', 0),
('CCU-019', 'Kolkata', 'Ahmedabad', 0, 12621, 'Business', 3, '13:20', '14:50', 'Jet Airways', 'CCU', 'AMD', 'Non-Refundable', 0),
('CCU-020', 'Kolkata', 'Ahmedabad', 0, 12621, 'Business', 7, '23:10', '0:35', 'Jet Airways', 'CCU', 'AMD', 'Non-Refundable', 0),
('CCU-021', 'Kolkata', 'Bhopal', 0, 5500, 'Economy', 12, '18:55', '03:15', 'Spicejet', 'CCU', 'BHO', 'Non-Refundable', 0),
('CCU-022', 'Kolkata', 'Bhopal', 0, 5500, 'Economy', 6, '6:20', '13:50', 'Spicejet', 'CCU', 'BHO', 'Refundable', 0),
('CCU-023', 'Kolkata', 'Bhopal', 0, 5318, 'Economy', 6, '9:55', '16:15', 'Spicejet', 'CCU', 'BHO', 'Refundable', 0),
('CCU-024', 'Kolkata', 'Bhopal', 0, 6015, 'Economy', 8, '5:00', '12:30', 'AirIndia', 'CCU', 'BHO', 'Refundable', 0),
('CCU-025', 'Kolkata', 'Bhopal', 0, 7015, 'Economy', 23, '20:05', '05:40', 'AirIndia', 'CCU', 'BHO', 'Non-Refundable', 0),
('CCU-026', 'Kolkata', 'Bhopal', 0, 7700, 'Economy', 15, '19:30', '02:15', 'AirIndia', 'CCU', 'BHO', 'Refundable', 0),
('CCU-027', 'Kolkata', 'Bhopal', 0, 7000, 'Economy', 16, '17:00', '06:40', 'AirIndia', 'CCU', 'BHO', 'Non-Refundable', 0),
('CCU-028', 'Kolkata', 'Bhopal', 0, 10400, 'Economy', 6, '19:25', '09:50', 'Jet Airways', 'CCU', 'BHO', 'Refundable', 0),
('CCU-029', 'Kolkata', 'Bhopal', 0, 8726, 'Economy', 15, '06:20', '14:50', 'Jet Airways', 'CCU', 'BHO', 'Refundable', 0),
('CCU-030', 'Kolkata', 'Bhopal', 0, 8000, 'Economy', 2, '06:35', '15:10', 'Vistara', 'CCU', 'BHO', 'Non-Refundable', 0),
('CCU-031', 'Kolkata', 'Bhopal', 0, 12500, 'Business', 5, '5:00', '6:30', 'AirIndia', 'CCU', 'BHO', 'Non-Refundable', 0),
('CCU-032', 'Kolkata', 'Bhopal', 0, 12500, 'Business', 10, '20:05', '21:40', 'AirIndia', 'CCU', 'BHO', 'Non-Refundable', 0),
('CCU-033', 'Kolkata', 'Bhopal', 0, 12500, 'Business', 4, '16:30', '18:15', 'AirIndia', 'CCU', 'BHO', 'Non-Refundable', 0),
('CCU-034', 'Kolkata', 'Bhopal', 0, 24900, 'Business', 3, '7:00', '18:40', 'AirIndia', 'CCU', 'BHO', 'Non-Refundable', 0),
('CCU-035', 'Kolkata', 'Bhopal', 0, 24900, 'Business', 9, '8:00', '6:40', 'AirIndia', 'CCU', 'BHO', 'Non-Refundable', 0),
('CCU-036', 'Kolkata', 'Bhopal', 0, 16200, 'Business', 2, '6:35', '8:10', 'Vistara', 'CCU', 'BHO', 'Non-Refundable', 0),
('CCU-037', 'Kolkata', 'Bhopal', 0, 16200, 'Business', 6, '8:15', '10:00', 'Vistara', 'CCU', 'BHO', 'Non-Refundable', 0),
('CCU-038', 'Kolkata', 'Bhopal', 0, 16200, 'Business', 10, '18:20', '20:00', 'Vistara', 'CCU', 'BHO', 'Non-Refundable', 0),
('CCU-039', 'Kolkata', 'Bhopal', 0, 12621, 'Business', 3, '13:20', '14:50', 'Jet Airways', 'CCU', 'BHO', 'Non-Refundable', 0),
('CCU-040', 'Kolkata', 'Bhopal', 0, 12621, 'Business', 7, '23:10', '0:35', 'Jet Airways', 'CCU', 'BHO', 'Non-Refundable', 0),
('CCU-041', 'Kolkata', 'Bengaluru', 0, 5500, 'Economy', 12, '18:55', '03:15', 'Spicejet', 'CCU', 'BLR', 'Non-Refundable', 0),
('CCU-042', 'Kolkata', 'Bengaluru', 0, 5500, 'Economy', 6, '6:20', '13:50', 'Spicejet', 'CCU', 'BLR', 'Refundable', 0),
('CCU-043', 'Kolkata', 'Bengaluru', 0, 5318, 'Economy', 6, '9:55', '16:15', 'Spicejet', 'CCU', 'BLR', 'Refundable', 0),
('CCU-044', 'Kolkata', 'Bengaluru', 0, 6015, 'Economy', 8, '5:00', '12:30', 'AirIndia', 'CCU', 'BLR', 'Refundable', 0),
('CCU-045', 'Kolkata', 'Bengaluru', 0, 7015, 'Economy', 23, '20:05', '05:40', 'AirIndia', 'CCU', 'BLR', 'Non-Refundable', 0),
('CCU-046', 'Kolkata', 'Bengaluru', 0, 7700, 'Economy', 15, '19:30', '02:15', 'AirIndia', 'CCU', 'BLR', 'Refundable', 0),
('CCU-047', 'Kolkata', 'Bengaluru', 0, 7000, 'Economy', 14, '17:00', '06:40', 'AirIndia', 'CCU', 'BLR', 'Non-Refundable', 2),
('CCU-048', 'Kolkata', 'Bengaluru', 0, 10400, 'Economy', 6, '19:25', '09:50', 'Jet Airways', 'CCU', 'BLR', 'Refundable', 0),
('CCU-049', 'Kolkata', 'Bengaluru', 0, 8726, 'Economy', 15, '06:20', '14:50', 'Jet Airways', 'CCU', 'BLR', 'Refundable', 0),
('CCU-050', 'Kolkata', 'Bengaluru', 0, 8000, 'Economy', 2, '06:35', '15:10', 'Vistara', 'CCU', 'BLR', 'Non-Refundable', 0),
('CCU-051', 'Kolkata', 'Bengaluru', 0, 12500, 'Business', 5, '5:00', '6:30', 'AirIndia', 'CCU', 'BLR', 'Non-Refundable', 0),
('CCU-052', 'Kolkata', 'Bengaluru', 0, 12500, 'Business', 10, '20:05', '21:40', 'AirIndia', 'CCU', 'BLR', 'Non-Refundable', 0),
('CCU-053', 'Kolkata', 'Bengaluru', 0, 12500, 'Business', 4, '16:30', '18:15', 'AirIndia', 'CCU', 'BLR', 'Non-Refundable', 0),
('CCU-054', 'Kolkata', 'Bengaluru', 0, 24900, 'Business', 3, '7:00', '18:40', 'AirIndia', 'CCU', 'BLR', 'Non-Refundable', 0),
('CCU-055', 'Kolkata', 'Bengaluru', 0, 24900, 'Business', 9, '8:00', '6:40', 'AirIndia', 'CCU', 'BLR', 'Non-Refundable', 0),
('CCU-056', 'Kolkata', 'Bengaluru', 0, 16200, 'Business', 2, '6:35', '8:10', 'Vistara', 'CCU', 'BLR', 'Non-Refundable', 0),
('CCU-057', 'Kolkata', 'Bengaluru', 0, 16200, 'Business', 6, '8:15', '10:00', 'Vistara', 'CCU', 'BLR', 'Non-Refundable', 0),
('CCU-058', 'Kolkata', 'Bengaluru', 0, 16200, 'Business', 10, '18:20', '20:00', 'Vistara', 'CCU', 'BLR', 'Non-Refundable', 0),
('CCU-059', 'Kolkata', 'Bengaluru', 0, 12621, 'Business', 3, '13:20', '14:50', 'Jet Airways', 'CCU', 'BLR', 'Non-Refundable', 0),
('CCU-060', 'Kolkata', 'Bengaluru', 0, 12621, 'Business', 7, '23:10', '00:35', 'Jet Airways', 'CCU', 'BLR', 'Non-Refundable', 0),
('CCU-061', 'Kolkata', 'Mumbai', 0, 15500, 'Economy', 12, '18:55', '03:15', 'Spicejet', 'CCU', 'BOM', 'Non-Refundable', 0),
('CCU-062', 'Kolkata', 'Mumbai', 0, 15500, 'Economy', 6, '6:20', '13:50', 'Spicejet', 'CCU', 'BOM', 'Refundable', 0),
('CCU-063', 'Kolkata', 'Mumbai', 0, 5318, 'Economy', 6, '9:55', '16:15', 'Spicejet', 'CCU', 'BOM', 'Refundable', 0),
('CCU-064', 'Kolkata', 'Mumbai', 0, 11015, 'Economy', 8, '5:00', '12:30', 'AirIndia', 'CCU', 'BOM', 'Refundable', 0),
('CCU-065', 'Kolkata', 'Mumbai', 0, 11015, 'Economy', 23, '20:05', '05:40', 'AirIndia', 'CCU', 'BOM', 'Non-Refundable', 0),
('CCU-066', 'Kolkata', 'Mumbai', 0, 10725, 'Economy', 15, '19:30', '02:15', 'AirIndia', 'CCU', 'BOM', 'Refundable', 0),
('CCU-067', 'Kolkata', 'Mumbai', 0, 10000, 'Economy', 16, '17:00', '06:40', 'AirIndia', 'CCU', 'BOM', 'Non-Refundable', 0),
('CCU-068', 'Kolkata', 'Mumbai', 0, 10400, 'Economy', 6, '19:25', '09:50', 'Jet Airways', 'CCU', 'BOM', 'Refundable', 0),
('CCU-069', 'Kolkata', 'Mumbai', 0, 9726, 'Economy', 15, '06:20', '14:50', 'Jet Airways', 'CCU', 'BOM', 'Refundable', 0),
('CCU-070', 'Kolkata', 'Mumbai', 0, 9000, 'Economy', 2, '06:35', '15:10', 'Vistara', 'CCU', 'BOM', 'Non-Refundable', 0),
('CCU-071', 'Kolkata', 'Mumbai', 0, 12500, 'Business', 5, '5:00', '6:30', 'AirIndia', 'CCU', 'BOM', 'Non-Refundable', 0),
('CCU-072', 'Kolkata', 'Mumbai', 0, 12500, 'Business', 10, '20:05', '21:40', 'AirIndia', 'CCU', 'BOM', 'Non-Refundable', 0),
('CCU-073', 'Kolkata', 'Mumbai', 0, 12500, 'Business', 4, '16:30', '18:15', 'AirIndia', 'CCU', 'BOM', 'Non-Refundable', 0),
('CCU-074', 'Kolkata', 'Mumbai', 0, 24900, 'Business', 3, '7:00', '18:40', 'AirIndia', 'CCU', 'BOM', 'Non-Refundable', 0),
('CCU-075', 'Kolkata', 'Mumbai', 0, 24900, 'Business', 9, '8:00', '6:40', 'AirIndia', 'CCU', 'BOM', 'Non-Refundable', 0),
('CCU-076', 'Kolkata', 'Mumbai', 0, 16200, 'Business', 2, '6:35', '8:10', 'Vistara', 'CCU', 'BOM', 'Non-Refundable', 0),
('CCU-077', 'Kolkata', 'Mumbai', 0, 16200, 'Business', 6, '8:15', '10:00', 'Vistara', 'CCU', 'BOM', 'Non-Refundable', 0),
('CCU-078', 'Kolkata', 'Mumbai', 0, 16200, 'Business', 10, '18:20', '20:00', 'Vistara', 'CCU', 'BOM', 'Non-Refundable', 0),
('CCU-079', 'Kolkata', 'Mumbai', 0, 12621, 'Business', 3, '13:20', '14:50', 'Jet Airways', 'CCU', 'BOM', 'Non-Refundable', 0),
('CCU-080', 'Kolkata', 'Mumbai', 0, 12621, 'Business', 7, '23:10', '0:35', 'Jet Airways', 'CCU', 'BOM', 'Non-Refundable', 0),
('CCU-081', 'Kolkata', 'New Delhi', 0, 5500, 'Economy', 12, '18:55', '03:15', 'Spicejet', 'CCU', 'DEL', 'Non-Refundable', 0),
('CCU-082', 'Kolkata', 'New Delhi', 0, 5500, 'Economy', 6, '6:20', '13:50', 'Spicejet', 'CCU', 'DEL', 'Refundable', 0),
('CCU-083', 'Kolkata', 'New Delhi', 0, 5318, 'Economy', 6, '9:55', '16:15', 'Spicejet', 'CCU', 'DEL', 'Refundable', 0),
('CCU-084', 'Kolkata', 'New Delhi', 0, 6015, 'Economy', 8, '5:00', '12:30', 'AirIndia', 'CCU', 'DEL', 'Refundable', 0),
('CCU-085', 'Kolkata', 'New Delhi', 0, 7015, 'Economy', 23, '20:05', '05:40', 'AirIndia', 'CCU', 'DEL', 'Non-Refundable', 0),
('CCU-086', 'Kolkata', 'New Delhi', 0, 7700, 'Economy', 15, '19:30', '02:15', 'AirIndia', 'CCU', 'DEL', 'Refundable', 0),
('CCU-087', 'Kolkata', 'New Delhi', 0, 7000, 'Economy', 16, '17:00', '06:40', 'AirIndia', 'CCU', 'DEL', 'Non-Refundable', 0),
('CCU-088', 'Kolkata', 'New Delhi', 0, 10400, 'Economy', 6, '19:25', '09:50', 'Jet Airways', 'CCU', 'DEL', 'Refundable', 0),
('CCU-089', 'Kolkata', 'New Delhi', 0, 8726, 'Economy', 15, '06:20', '14:50', 'Jet Airways', 'CCU', 'DEL', 'Refundable', 0),
('CCU-090', 'Kolkata', 'New Delhi', 0, 8000, 'Economy', 2, '06:35', '15:10', 'Vistara', 'CCU', 'DEL', 'Non-Refundable', 0),
('CCU-091', 'Kolkata', 'New Delhi', 0, 12500, 'Business', 5, '5:00', '6:30', 'AirIndia', 'CCU', 'DEL', 'Non-Refundable', 0),
('CCU-092', 'Kolkata', 'New Delhi', 0, 12500, 'Business', 10, '20:05', '21:40', 'AirIndia', 'CCU', 'DEL', 'Non-Refundable', 0),
('CCU-093', 'Kolkata', 'New Delhi', 0, 12500, 'Business', 4, '16:30', '18:15', 'AirIndia', 'CCU', 'DEL', 'Non-Refundable', 0),
('CCU-094', 'Kolkata', 'New Delhi', 0, 24900, 'Business', 3, '7:00', '18:40', 'AirIndia', 'CCU', 'DEL', 'Non-Refundable', 0),
('CCU-095', 'Kolkata', 'New Delhi', 0, 24900, 'Business', 9, '8:00', '6:40', 'AirIndia', 'CCU', 'DEL', 'Non-Refundable', 0),
('CCU-096', 'Kolkata', 'New Delhi', 0, 16200, 'Business', 2, '6:35', '8:10', 'Vistara', 'CCU', 'DEL', 'Non-Refundable', 0),
('CCU-097', 'Kolkata', 'New Delhi', 0, 16200, 'Business', 6, '8:15', '10:00', 'Vistara', 'CCU', 'DEL', 'Non-Refundable', 0),
('CCU-098', 'Kolkata', 'New Delhi', 0, 16200, 'Business', 10, '18:20', '20:00', 'Vistara', 'CCU', 'DEL', 'Non-Refundable', 0),
('CCU-099', 'Kolkata', 'New Delhi', 0, 12621, 'Business', 3, '13:20', '14:50', 'Jet Airways', 'CCU', 'DEL', 'Non-Refundable', 0),
('CCU-100', 'Kolkata', 'New Delhi', 0, 12621, 'Business', 7, '23:10', '0:35', 'Jet Airways', 'CCU', 'DEL', 'Non-Refundable', 0),
('CCU-101', 'Kolkata', 'Guwahati', 0, 1500, 'Economy', 12, '18:55', '03:15', 'Spicejet', 'CCU', 'GAU', 'Non-Refundable', 0),
('CCU-102', 'Kolkata', 'Guwahati', 0, 1500, 'Economy', 6, '6:20', '13:50', 'Spicejet', 'CCU', 'GAU', 'Refundable', 0),
('CCU-103', 'Kolkata', 'Guwahati', 0, 2318, 'Economy', 6, '9:55', '16:15', 'Spicejet', 'CCU', 'GAU', 'Refundable', 0),
('CCU-104', 'Kolkata', 'Guwahati', 0, 3015, 'Economy', 8, '5:00', '12:30', 'AirIndia', 'CCU', 'GAU', 'Refundable', 0),
('CCU-105', 'Kolkata', 'Guwahati', 0, 3015, 'Economy', 23, '20:05', '05:40', 'AirIndia', 'CCU', 'GAU', 'Non-Refundable', 0),
('CCU-106', 'Kolkata', 'Guwahati', 0, 2700, 'Economy', 15, '19:30', '02:15', 'AirIndia', 'CCU', 'GAU', 'Refundable', 0),
('CCU-107', 'Kolkata', 'Guwahati', 0, 2000, 'Economy', 16, '17:00', '06:40', 'AirIndia', 'CCU', 'GAU', 'Non-Refundable', 0),
('CCU-108', 'Kolkata', 'Guwahati', 0, 1766, 'Economy', 6, '19:25', '09:50', 'Jet Airways', 'CCU', 'GAU', 'Refundable', 0),
('CCU-109', 'Kolkata', 'Guwahati', 0, 1726, 'Economy', 15, '06:20', '14:50', 'Jet Airways', 'CCU', 'GAU', 'Refundable', 0),
('CCU-110', 'Kolkata', 'Guwahati', 0, 2000, 'Economy', 2, '06:35', '15:10', 'Vistara', 'CCU', 'GAU', 'Non-Refundable', 0),
('CCU-111', 'Kolkata', 'Guwahati', 0, 12500, 'Business', 5, '5:00', '6:30', 'AirIndia', 'CCU', 'GAU', 'Non-Refundable', 0),
('CCU-112', 'Kolkata', 'Guwahati', 0, 12500, 'Business', 10, '20:05', '21:40', 'AirIndia', 'CCU', 'GAU', 'Non-Refundable', 0),
('CCU-113', 'Kolkata', 'Guwahati', 0, 12500, 'Business', 4, '16:30', '18:15', 'AirIndia', 'CCU', 'GAU', 'Non-Refundable', 0),
('CCU-114', 'Kolkata', 'Guwahati', 0, 24900, 'Business', 3, '7:00', '18:40', 'AirIndia', 'CCU', 'GAU', 'Non-Refundable', 0),
('CCU-115', 'Kolkata', 'Guwahati', 0, 24900, 'Business', 9, '8:00', '6:40', 'AirIndia', 'CCU', 'GAU', 'Non-Refundable', 0),
('CCU-116', 'Kolkata', 'Guwahati', 0, 16200, 'Business', 2, '6:35', '8:10', 'Vistara', 'CCU', 'GAU', 'Non-Refundable', 0),
('CCU-117', 'Kolkata', 'Guwahati', 0, 16200, 'Business', 6, '8:15', '10:00', 'Vistara', 'CCU', 'GAU', 'Non-Refundable', 0),
('CCU-118', 'Kolkata', 'Guwahati', 0, 16200, 'Business', 10, '18:20', '20:00', 'Vistara', 'CCU', 'GAU', 'Non-Refundable', 0),
('CCU-119', 'Kolkata', 'Guwahati', 0, 12621, 'Business', 3, '13:20', '14:50', 'Jet Airways', 'CCU', 'GAU', 'Non-Refundable', 0),
('CCU-120', 'Kolkata', 'Guwahati', 0, 12621, 'Business', 7, '23:10', '0:35', 'Jet Airways', 'CCU', 'GAU', 'Non-Refundable', 0),
('CCU-121', 'Kolkata', 'Goa', 0, 5500, 'Economy', 12, '18:55', '03:15', 'Spicejet', 'CCU', 'GOI', 'Non-Refundable', 0),
('CCU-122', 'Kolkata', 'Goa', 0, 5500, 'Economy', 6, '6:20', '13:50', 'Spicejet', 'CCU', 'GOI', 'Refundable', 0),
('CCU-123', 'Kolkata', 'Goa', 0, 5318, 'Economy', 6, '9:55', '16:15', 'Spicejet', 'CCU', 'GOI', 'Refundable', 0),
('CCU-124', 'Kolkata', 'Goa', 0, 6015, 'Economy', 8, '5:00', '12:30', 'AirIndia', 'CCU', 'GOI', 'Refundable', 0),
('CCU-125', 'Kolkata', 'Goa', 0, 7015, 'Economy', 23, '20:05', '05:40', 'AirIndia', 'CCU', 'GOI', 'Non-Refundable', 0),
('CCU-126', 'Kolkata', 'Goa', 0, 7700, 'Economy', 15, '19:30', '02:15', 'AirIndia', 'CCU', 'GOI', 'Refundable', 0),
('CCU-127', 'Kolkata', 'Goa', 0, 7000, 'Economy', 16, '17:00', '06:40', 'AirIndia', 'CCU', 'GOI', 'Non-Refundable', 0),
('CCU-128', 'Kolkata', 'Goa', 0, 10400, 'Economy', 6, '19:25', '09:50', 'Jet Airways', 'CCU', 'GOI', 'Refundable', 0),
('CCU-129', 'Kolkata', 'Goa', 0, 8726, 'Economy', 15, '06:20', '14:50', 'Jet Airways', 'CCU', 'GOI', 'Refundable', 0),
('CCU-130', 'Kolkata', 'Goa', 0, 8000, 'Economy', 2, '06:35', '15:10', 'Vistara', 'CCU', 'GOI', 'Non-Refundable', 0),
('CCU-131', 'Kolkata', 'Goa', 0, 12500, 'Business', 5, '5:00', '6:30', 'AirIndia', 'CCU', 'GOI', 'Non-Refundable', 0),
('CCU-132', 'Kolkata', 'Goa', 0, 12500, 'Business', 10, '20:05', '21:40', 'AirIndia', 'CCU', 'GOI', 'Non-Refundable', 0),
('CCU-133', 'Kolkata', 'Goa', 0, 12500, 'Business', 4, '16:30', '18:15', 'AirIndia', 'CCU', 'GOI', 'Non-Refundable', 0),
('CCU-134', 'Kolkata', 'Goa', 0, 24900, 'Business', 3, '7:00', '18:40', 'AirIndia', 'CCU', 'GOI', 'Non-Refundable', 0),
('CCU-135', 'Kolkata', 'Goa', 0, 24900, 'Business', 9, '8:00', '6:40', 'AirIndia', 'CCU', 'GOI', 'Non-Refundable', 0),
('CCU-136', 'Kolkata', 'Goa', 0, 16200, 'Business', 2, '6:35', '8:10', 'Vistara', 'CCU', 'GOI', 'Non-Refundable', 0),
('CCU-137', 'Kolkata', 'Goa', 0, 16200, 'Business', 6, '8:15', '10:00', 'Vistara', 'CCU', 'GOI', 'Non-Refundable', 0),
('CCU-138', 'Kolkata', 'Goa', 0, 16200, 'Business', 10, '18:20', '20:00', 'Vistara', 'CCU', 'GOI', 'Non-Refundable', 0),
('CCU-139', 'Kolkata', 'Goa', 0, 12621, 'Business', 3, '13:20', '14:50', 'Jet Airways', 'CCU', 'GOI', 'Non-Refundable', 0),
('CCU-140', 'Kolkata', 'Goa', 0, 12621, 'Business', 7, '23:10', '0:35', 'Jet Airways', 'CCU', 'GOI', 'Non-Refundable', 0),
('CCU-141', 'Kolkata', 'Jaipur', 0, 5500, 'Economy', 12, '18:55', '03:15', 'Spicejet', 'CCU', 'JAI', 'Non-Refundable', 0),
('CCU-142', 'Kolkata', 'Jaipur', 0, 5500, 'Economy', 6, '6:20', '13:50', 'Spicejet', 'CCU', 'JAI', 'Refundable', 0),
('CCU-143', 'Kolkata', 'Jaipur', 0, 5318, 'Economy', 6, '9:55', '16:15', 'Spicejet', 'CCU', 'JAI', 'Refundable', 0),
('CCU-144', 'Kolkata', 'Jaipur', 0, 6015, 'Economy', 8, '5:00', '12:30', 'AirIndia', 'CCU', 'JAI', 'Refundable', 0),
('CCU-145', 'Kolkata', 'Jaipur', 0, 7015, 'Economy', 23, '20:05', '05:40', 'AirIndia', 'CCU', 'JAI', 'Non-Refundable', 0),
('CCU-146', 'Kolkata', 'Jaipur', 0, 7700, 'Economy', 15, '19:30', '02:15', 'AirIndia', 'CCU', 'JAI', 'Refundable', 0),
('CCU-147', 'Kolkata', 'Jaipur', 0, 7000, 'Economy', 16, '17:00', '06:40', 'AirIndia', 'CCU', 'JAI', 'Non-Refundable', 0),
('CCU-148', 'Kolkata', 'Jaipur', 0, 10400, 'Economy', 6, '19:25', '09:50', 'Jet Airways', 'CCU', 'JAI', 'Refundable', 0),
('CCU-149', 'Kolkata', 'Jaipur', 0, 8726, 'Economy', 15, '06:20', '14:50', 'Jet Airways', 'CCU', 'JAI', 'Refundable', 0),
('CCU-150', 'Kolkata', 'Jaipur', 0, 8000, 'Economy', 2, '06:35', '15:10', 'Vistara', 'CCU', 'JAI', 'Non-Refundable', 0),
('CCU-151', 'Kolkata', 'Jaipur', 0, 12500, 'Business', 5, '5:00', '6:30', 'AirIndia', 'CCU', 'JAI', 'Non-Refundable', 0),
('CCU-152', 'Kolkata', 'Jaipur', 0, 12500, 'Business', 10, '20:05', '21:40', 'AirIndia', 'CCU', 'JAI', 'Non-Refundable', 0),
('CCU-153', 'Kolkata', 'Jaipur', 0, 12500, 'Business', 4, '16:30', '18:15', 'AirIndia', 'CCU', 'JAI', 'Non-Refundable', 0),
('CCU-154', 'Kolkata', 'Jaipur', 0, 24900, 'Business', 3, '7:00', '18:40', 'AirIndia', 'CCU', 'JAI', 'Non-Refundable', 0),
('CCU-155', 'Kolkata', 'Jaipur', 0, 24900, 'Business', 9, '8:00', '6:40', 'AirIndia', 'CCU', 'JAI', 'Non-Refundable', 0),
('CCU-156', 'Kolkata', 'Jaipur', 0, 16200, 'Business', 2, '6:35', '8:10', 'Vistara', 'CCU', 'JAI', 'Non-Refundable', 0),
('CCU-157', 'Kolkata', 'Jaipur', 0, 16200, 'Business', 6, '8:15', '10:00', 'Vistara', 'CCU', 'JAI', 'Non-Refundable', 0),
('CCU-158', 'Kolkata', 'Jaipur', 0, 16200, 'Business', 10, '18:20', '20:00', 'Vistara', 'CCU', 'JAI', 'Non-Refundable', 0),
('CCU-159', 'Kolkata', 'Jaipur', 0, 12621, 'Business', 3, '13:20', '14:50', 'Jet Airways', 'CCU', 'JAI', 'Non-Refundable', 0),
('CCU-160', 'Kolkata', 'Jaipur', 0, 12621, 'Business', 7, '23:10', '0:35', 'Jet Airways', 'CCU', 'JAI', 'Non-Refundable', 0),
('CCU-161', 'Kolkata', 'Chennai', 0, 5500, 'Economy', 12, '18:55', '03:15', 'Spicejet', 'CCU', 'MAA', 'Non-Refundable', 0),
('CCU-162', 'Kolkata', 'Chennai', 0, 5500, 'Economy', 6, '6:20', '13:50', 'Spicejet', 'CCU', 'MAA', 'Refundable', 0),
('CCU-163', 'Kolkata', 'Chennai', 0, 5318, 'Economy', 6, '9:55', '16:15', 'Spicejet', 'CCU', 'MAA', 'Refundable', 0),
('CCU-164', 'Kolkata', 'Chennai', 0, 6015, 'Economy', 8, '5:00', '12:30', 'AirIndia', 'CCU', 'MAA', 'Refundable', 0),
('CCU-165', 'Kolkata', 'Chennai', 0, 7015, 'Economy', 23, '20:05', '05:40', 'AirIndia', 'CCU', 'MAA', 'Non-Refundable', 0),
('CCU-166', 'Kolkata', 'Chennai', 0, 7700, 'Economy', 15, '19:30', '02:15', 'AirIndia', 'CCU', 'MAA', 'Refundable', 0),
('CCU-167', 'Kolkata', 'Chennai', 0, 7000, 'Economy', 16, '17:00', '06:40', 'AirIndia', 'CCU', 'MAA', 'Non-Refundable', 0),
('CCU-168', 'Kolkata', 'Chennai', 0, 10400, 'Economy', 6, '19:25', '09:50', 'Jet Airways', 'CCU', 'MAA', 'Refundable', 0),
('CCU-169', 'Kolkata', 'Chennai', 0, 8726, 'Economy', 15, '06:20', '14:50', 'Jet Airways', 'CCU', 'MAA', 'Refundable', 0),
('CCU-170', 'Kolkata', 'Chennai', 0, 8000, 'Economy', 2, '06:35', '15:10', 'Vistara', 'CCU', 'MAA', 'Non-Refundable', 0),
('CCU-171', 'Kolkata', 'Chennai', 0, 12500, 'Business', 5, '5:00', '6:30', 'AirIndia', 'CCU', 'MAA', 'Non-Refundable', 0),
('CCU-172', 'Kolkata', 'Chennai', 0, 12500, 'Business', 10, '20:05', '21:40', 'AirIndia', 'CCU', 'MAA', 'Non-Refundable', 0),
('CCU-173', 'Kolkata', 'Chennai', 0, 12500, 'Business', 4, '16:30', '18:15', 'AirIndia', 'CCU', 'MAA', 'Non-Refundable', 0),
('CCU-174', 'Kolkata', 'Chennai', 0, 24900, 'Business', 3, '7:00', '18:40', 'AirIndia', 'CCU', 'MAA', 'Non-Refundable', 0),
('CCU-175', 'Kolkata', 'Chennai', 0, 24900, 'Business', 9, '8:00', '6:40', 'AirIndia', 'CCU', 'MAA', 'Non-Refundable', 0),
('CCU-176', 'Kolkata', 'Chennai', 0, 16200, 'Business', 2, '6:35', '8:10', 'Vistara', 'CCU', 'MAA', 'Non-Refundable', 0),
('CCU-177', 'Kolkata', 'Chennai', 0, 16200, 'Business', 6, '8:15', '10:00', 'Vistara', 'CCU', 'MAA', 'Non-Refundable', 0),
('CCU-178', 'Kolkata', 'Chennai', 0, 16200, 'Business', 10, '18:20', '20:00', 'Vistara', 'CCU', 'MAA', 'Non-Refundable', 0),
('CCU-179', 'Kolkata', 'Chennai', 0, 12621, 'Business', 3, '13:20', '14:50', 'Jet Airways', 'CCU', 'MAA', 'Non-Refundable', 0),
('CCU-180', 'Kolkata', 'Chennai', 0, 12621, 'Business', 7, '23:10', '00:35', 'Jet Airways', 'CCU', 'MAA', 'Non-Refundable', 0),
('CCU-181', 'Kolkata', 'Pune', 0, 5500, 'Economy', 12, '18:55', '03:15', 'Spicejet', 'CCU', 'PNQ', 'Non-Refundable', 0),
('CCU-182', 'Kolkata', 'Pune', 0, 5500, 'Economy', 6, '6:20', '13:50', 'Spicejet', 'CCU', 'PNQ', 'Refundable', 0),
('CCU-183', 'Kolkata', 'Pune', 0, 5318, 'Economy', 6, '9:55', '16:15', 'Spicejet', 'CCU', 'PNQ', 'Refundable', 0),
('CCU-184', 'Kolkata', 'Pune', 0, 6015, 'Economy', 8, '5:00', '12:30', 'AirIndia', 'CCU', 'PNQ', 'Refundable', 0),
('CCU-185', 'Kolkata', 'Pune', 0, 7015, 'Economy', 23, '20:05', '05:40', 'AirIndia', 'CCU', 'PNQ', 'Non-Refundable', 0),
('CCU-186', 'Kolkata', 'Pune', 0, 7700, 'Economy', 15, '19:30', '02:15', 'AirIndia', 'CCU', 'PNQ', 'Refundable', 0),
('CCU-187', 'Kolkata', 'Pune', 0, 7000, 'Economy', 16, '17:00', '06:40', 'AirIndia', 'CCU', 'PNQ', 'Non-Refundable', 0),
('CCU-188', 'Kolkata', 'Pune', 0, 10400, 'Economy', 6, '19:25', '09:50', 'Jet Airways', 'CCU', 'PNQ', 'Refundable', 0),
('CCU-189', 'Kolkata', 'Pune', 0, 8726, 'Economy', 15, '06:20', '14:50', 'Jet Airways', 'CCU', 'PNQ', 'Refundable', 0),
('CCU-190', 'Kolkata', 'Pune', 0, 8000, 'Economy', 2, '06:35', '15:10', 'Vistara', 'CCU', 'PNQ', 'Non-Refundable', 0),
('CCU-191', 'Kolkata', 'Pune', 0, 12500, 'Business', 5, '5:00', '6:30', 'AirIndia', 'CCU', 'PNQ', 'Non-Refundable', 0),
('CCU-192', 'Kolkata', 'Pune', 0, 12500, 'Business', 10, '20:05', '21:40', 'AirIndia', 'CCU', 'PNQ', 'Non-Refundable', 0),
('CCU-193', 'Kolkata', 'Pune', 0, 12500, 'Business', 4, '16:30', '18:15', 'AirIndia', 'CCU', 'PNQ', 'Non-Refundable', 0),
('CCU-194', 'Kolkata', 'Pune', 0, 24900, 'Business', 3, '7:00', '18:40', 'AirIndia', 'CCU', 'PNQ', 'Non-Refundable', 0),
('CCU-195', 'Kolkata', 'Pune', 0, 24900, 'Business', 9, '8:00', '6:40', 'AirIndia', 'CCU', 'PNQ', 'Non-Refundable', 0),
('CCU-196', 'Kolkata', 'Pune', 0, 16200, 'Business', 2, '6:35', '8:10', 'Vistara', 'CCU', 'PNQ', 'Non-Refundable', 0),
('CCU-197', 'Kolkata', 'Pune', 0, 16200, 'Business', 6, '8:15', '10:00', 'Vistara', 'CCU', 'PNQ', 'Non-Refundable', 0),
('CCU-198', 'Kolkata', 'Pune', 0, 16200, 'Business', 10, '18:20', '20:00', 'Vistara', 'CCU', 'PNQ', 'Non-Refundable', 0),
('CCU-199', 'Kolkata', 'Pune', 0, 12621, 'Business', 3, '13:20', '14:50', 'Jet Airways', 'CCU', 'PNQ', 'Non-Refundable', 0),
('CCU-200', 'Kolkata', 'Pune', 0, 12621, 'Business', 7, '23:10', '0:35', 'Jet Airways', 'CCU', 'PNQ', 'Non-Refundable', 0),
('DEL-001', 'New Delhi', 'Ahmedabad', 0, 5500, 'Economy', 12, '18:55', '20:15', 'Spicejet', 'DEL', 'AMD', 'Non-Refundable', 0),
('DEL-002', 'New Delhi', 'Ahmedabad', 0, 4600, 'Economy', 6, '6:20', '7:50', 'Spicejet', 'DEL', 'AMD', 'Refundable', 0),
('DEL-003', 'New Delhi', 'Ahmedabad', 0, 3318, 'Economy', 6, '7:20', '14:15', 'Spicejet', 'DEL', 'AMD', 'Refundable', 0),
('DEL-004', 'New Delhi', 'Ahmedabad', 0, 3915, 'Economy', 8, '5:00', '6:30', 'AirIndia', 'DEL', 'AMD', 'Refundable', 0),
('DEL-0047', 'New Delhi', 'Bhopal', 0, 7990, 'Economy', 16, '10:30', '12:30', 'AirIndia', 'DEL', 'BHO', 'Non-Refundable', 0),
('DEL-005', 'New Delhi', 'Ahmedabad', 0, 3915, 'Economy', 23, '20:05', '21:40', 'AirIndia', 'DEL', 'AMD', 'Non-Refundable', 0),
('DEL-006', 'New Delhi', 'Ahmedabad', 0, 4700, 'Economy', 15, '16:30', '18:15', 'AirIndia', 'DEL', 'AMD', 'Refundable', 0),
('DEL-007', 'New Delhi', 'Ahmedabad', 0, 7000, 'Economy', 16, '17:00', '6:40', 'AirIndia', 'DEL', 'AMD', 'Non-Refundable', 0),
('DEL-008', 'New Delhi', 'Ahmedabad', 0, 4786, 'Economy', 6, '19:25', '20:50', 'Jet Airways', 'DEL', 'AMD', 'Refundable', 0),
('DEL-009', 'New Delhi', 'Ahmedabad', 0, 5786, 'Economy', 15, '13:20', '14:50', 'Jet Airways', 'DEL', 'AMD', 'Refundable', 0),
('DEL-010', 'New Delhi', 'Ahmedabad', 0, 9000, 'Economy', 2, '6:35', '8:10', 'Vistara', 'DEL', 'AMD', 'Non-Refundable', 0),
('DEL-011', 'New Delhi', 'Ahmedabad', 0, 12500, 'Business', 10, '20:05', '21:40', 'AirIndia', 'DEL', 'AMD', 'Non-Refundable', 0),
('DEL-012', 'New Delhi', 'Ahmedabad', 0, 12500, 'Business', 4, '16:30', '18:15', 'AirIndia', 'DEL', 'AMD', 'Non-Refundable', 0),
('DEL-013', 'New Delhi', 'Ahmedabad', 0, 24900, 'Business', 3, '7:00', '18:40', 'AirIndia', 'DEL', 'AMD', 'Non-Refundable', 0),
('DEL-014', 'New Delhi', 'Ahmedabad', 0, 24900, 'Business', 9, '8:00', '6:40', 'AirIndia', 'DEL', 'AMD', 'Non-Refundable', 0),
('DEL-015', 'New Delhi', 'Ahmedabad', 0, 16200, 'Business', 2, '6:35', '8:10', 'Vistara', 'DEL', 'AMD', 'Non-Refundable', 0),
('DEL-016', 'New Delhi', 'Ahmedabad', 0, 16200, 'Business', 6, '8:15', '10:00', 'Vistara', 'DEL', 'AMD', 'Non-Refundable', 0),
('DEL-017', 'New Delhi', 'Ahmedabad', 0, 16200, 'Business', 10, '18:20', '20:00', 'Vistara', 'DEL', 'AMD', 'Non-Refundable', 0),
('DEL-018', 'New Delhi', 'Ahmedabad', 0, 12621, 'Business', 3, '13:20', '14:50', 'Jet Airways', 'DEL', 'AMD', 'Non-Refundable', 0),
('DEL-019', 'New Delhi', 'Ahmedabad', 0, 12621, 'Business', 7, '23:10', '0:35', 'Jet Airways', 'DEL', 'AMD', 'Non-Refundable', 0),
('DEL-020', 'New Delhi', 'Ahmedabad', 0, 12500, 'Business', 5, '5:00', '6:30', 'AirIndia', 'DEL', 'AMD', 'Non-Refundable', 0),
('DEL-021', 'New Delhi', 'Bengaluru', 0, 4499, 'Economy', 12, '12:30', '15:30', 'IndiGo', 'DEL', 'BLR', 'Non-Refundable', 0),
('DEL-022', 'New Delhi', 'Bengaluru', 0, 8300, 'Economy', 6, '20:40', '22:55', 'IndiGo', 'DEL', 'BLR', 'Refundable', 0),
('DEL-023', 'New Delhi', 'Bengaluru', 0, 5788, 'Economy', 36, '5:45', '8:45', 'GoAir', 'DEL', 'BLR', 'Refundable', 0),
('DEL-024', 'New Delhi', 'Bengaluru', 0, 4850, 'Economy', 8, '15:00', '18:00', 'GoAir', 'DEL', 'BLR', 'Refundable', 0),
('DEL-025', 'New Delhi', 'Bengaluru', 0, 4865, 'Economy', 23, '14:45', '17:20', 'IndiGo', 'DEL', 'BLR', 'Non-Refundable', 0),
('DEL-026', 'New Delhi', 'Bengaluru', 0, 5772, 'Economy', 15, '5:20', '8:00', 'IndiGo', 'DEL', 'BLR', 'Refundable', 0),
('DEL-027', 'New Delhi', 'Bengaluru', 0, 5758, 'Economy', 16, '6:05', '9:00', 'Spicejet', 'DEL', 'BLR', 'Non-Refundable', 0),
('DEL-028', 'New Delhi', 'Bengaluru', 0, 7400, 'Economy', 6, '17:55', '20:40', 'Spicejet', 'DEL', 'GAU', 'Refundable', 0),
('DEL-029', 'New Delhi', 'Bengaluru', 0, 7300, 'Economy', 15, '6:30', '9:15', 'Vistara', 'DEL', 'BLR', 'Refundable', 0),
('DEL-030', 'New Delhi', 'Bengaluru', 0, 7300, 'Economy', 2, '17:20', '20:05', 'Vistara', 'DEL', 'BLR', 'Non-Refundable', 0),
('DEL-031', 'New Delhi', 'Bengaluru', 0, 19285, 'Business', 5, '6:10', '9:10', 'AirIndia', 'DEL', 'BLR', 'Non-Refundable', 0),
('DEL-032', 'New Delhi', 'Bengaluru', 0, 19285, 'Business', 10, '9:45', '12:30', 'AirIndia', 'DEL', 'BLR', 'Non-Refundable', 0),
('DEL-033', 'New Delhi', 'Bengaluru', 0, 19285, 'Business', 4, '13:25', '16:15', 'AirIndia', 'DEL', 'BLR', 'Non-Refundable', 0),
('DEL-034', 'New Delhi', 'Bengaluru', 0, 19285, 'Business', 3, '20:30', '23:15', 'AirIndia', 'DEL', 'BLR', 'Non-Refundable', 0),
('DEL-035', 'New Delhi', 'Bengaluru', 0, 19397, 'Business', 9, '7:05', '9:50', 'Jet Airways', 'DEL', 'BLR', 'Non-Refundable', 0),
('DEL-036', 'New Delhi', 'Bengaluru', 0, 19397, 'Business', 2, '12:00', '14:35', 'Jet Airways', 'DEL', 'BLR', 'Non-Refundable', 0),
('DEL-037', 'New Delhi', 'Bengaluru', 0, 19397, 'Business', 6, '16:25', '19:10', 'Jet Airways', 'DEL', 'BLR', 'Non-Refundable', 0),
('DEL-038', 'New Delhi', 'Bengaluru', 0, 19397, 'Business', 6, '20:45', '23:25', 'Jet Airways', 'DEL', 'BLR', 'Non-Refundable', 0),
('DEL-039', 'New Delhi', 'Bengaluru', 0, 27930, 'Business', 3, '6:30', '9:15', 'Jet Airways', 'DEL', 'BLR', 'Non-Refundable', 0),
('DEL-040', 'New Delhi', 'Bengaluru', 0, 27930, 'Business', 7, '7:55', '10:45', 'Jet Airways', 'DEL', 'BLR', 'Non-Refundable', 0),
('DEL-041', 'New Delhi', 'Bhopal', 0, 5515, 'Economy', 12, '00:25', '2:00', 'Jet Airways', 'DEL', 'BHO', 'Non-Refundable', 0),
('DEL-042', 'New Delhi', 'Bhopal', 0, 6830, 'Economy', 6, '5:00', '7:35', 'Jet Airways', 'DEL', 'BHO', 'Refundable', 0),
('DEL-043', 'New Delhi', 'Bhopal', 0, 6830, 'Economy', 36, '6:35', '8:55', 'Jet Airways', 'DEL', 'BHO', 'Refundable', 0),
('DEL-044', 'New Delhi', 'Bhopal', 0, 6830, 'Economy', 8, '9:50', '14:00', 'Jet Airways', 'DEL', 'BHO', 'Refundable', 0),
('DEL-045', 'New Delhi', 'Bhopal', 0, 7441, 'Economy', 23, '6:00', '8:50', 'Jet Airways', 'DEL', 'BHO', 'Non-Refundable', 0),
('DEL-046', 'New Delhi', 'Bhopal', 0, 7999, 'Economy', 15, '14:30', '16:55', 'AirIndia', 'DEL', 'BHO', 'Refundable', 0),
('DEL-048', 'New Delhi', 'Bhopal', 0, 7990, 'Economy', 6, '18:35', '20:00', 'AirIndia', 'DEL', 'BHO', 'Refundable', 0),
('DEL-049', 'New Delhi', 'Bhopal', 0, 8142, 'Economy', 15, '20:35', '23:30', 'AirIndia', 'DEL', 'BHO', 'Refundable', 0),
('DEL-050', 'New Delhi', 'Bhopal', 0, 10000, 'Economy', 2, '15:30', '19:15', 'AirIndia', 'DEL', 'BHO', 'Non-Refundable', 0),
('DEL-051', 'New Delhi', 'Bhopal', 0, 14000, 'Business', 5, '5:45', '7:00', 'Jet Airways', 'DEL', 'BHO', 'Non-Refundable', 0),
('DEL-052', 'New Delhi', 'Bhopal', 0, 39100, 'Business', 10, '9:45', '7:25', 'Jet Airways', 'DEL', 'BHO', 'Non-Refundable', 0),
('DEL-053', 'New Delhi', 'Bhopal', 0, 39100, 'Business', 4, '10:30', '7:25', 'Jet Airways', 'DEL', 'BHO', 'Non-Refundable', 0),
('DEL-054', 'New Delhi', 'Bhopal', 0, 39100, 'Business', 3, '11:35', '7:25', 'Jet Airways', 'DEL', 'BHO', 'Non-Refundable', 0),
('DEL-055', 'New Delhi', 'Bhopal', 0, 39100, 'Business', 9, '21:50', '7:25', 'Jet Airways', 'DEL', 'BHO', 'Non-Refundable', 0),
('DEL-056', 'New Delhi', 'Bhopal', 0, 16700, 'Business', 2, '6:10', '7:35', 'AirIndia', 'DEL', 'BHO', 'Non-Refundable', 0),
('DEL-057', 'New Delhi', 'Bhopal', 0, 16700, 'Business', 6, '19:55', '21:15', 'AirIndia', 'DEL', 'BHO', 'Non-Refundable', 0),
('DEL-058', 'New Delhi', 'Bhopal', 0, 46020, 'Business', 10, '18:30', '17:40', 'AirIndia', 'DEL', 'BHO', 'Non-Refundable', 0),
('DEL-059', 'New Delhi', 'Bhopal', 0, 46020, 'Business', 3, '12:25', '17:40', 'AirIndia', 'DEL', 'BHO', 'Non-Refundable', 0),
('DEL-060', 'New Delhi', 'Bhopal', 0, 46020, 'Business', 7, '23:00', '7:20', 'AirIndia', 'DEL', 'BHO', 'Non-Refundable', 0),
('DEL-061', 'New Delhi', 'Guwahati', 0, 5515, 'Economy', 12, '00:25', '2:00', 'IndiGo', 'DEL', 'GAU', 'Non-Refundable', 0),
('DEL-062', 'New Delhi', 'Guwahati', 0, 6830, 'Economy', 6, '5:00', '7:35', 'AirAsia', 'DEL', 'GAU', 'Refundable', 0),
('DEL-063', 'New Delhi', 'Guwahati', 0, 6830, 'Economy', 36, '6:35', '8:55', 'AirAsia', 'DEL', 'GAU', 'Refundable', 0),
('DEL-064', 'New Delhi', 'Guwahati', 0, 6830, 'Economy', 8, '9:50', '14:00', 'AirAsia', 'DEL', 'GAU', 'Refundable', 0),
('DEL-065', 'New Delhi', 'Guwahati', 0, 7441, 'Economy', 23, '6:00', '8:50', 'Spicejet', 'DEL', 'GAU', 'Non-Refundable', 0),
('DEL-066', 'New Delhi', 'Guwahati', 0, 7999, 'Economy', 15, '14:30', '16:55', 'Spicejet', 'DEL', 'GAU', 'Refundable', 0),
('DEL-067', 'New Delhi', 'Guwahati', 0, 7990, 'Economy', 16, '10:30', '12:30', 'IndiGo', 'DEL', 'GAU', 'Non-Refundable', 0),
('DEL-068', 'New Delhi', 'Guwahati', 0, 7990, 'Economy', 6, '18:35', '20:00', 'GoAir', 'DEL', 'GAU', 'Refundable', 0),
('DEL-069', 'New Delhi', 'Guwahati', 0, 8142, 'Economy', 15, '20:35', '23:30', 'Vistara', 'DEL', 'GAU', 'Refundable', 0),
('DEL-070', 'New Delhi', 'Guwahati', 0, 10000, 'Economy', 2, '15:30', '19:15', 'IndiGo', 'DEL', 'GAU', 'Non-Refundable', 0),
('DEL-071', 'New Delhi', 'Guwahati', 0, 15546, 'Business', 5, '2:00', '3:30', 'IndiGo', 'DEL', 'GAU', 'Non-Refundable', 0),
('DEL-072', 'New Delhi', 'Guwahati', 0, 15546, 'Business', 10, '3:15', '5:00', 'IndiGo', 'DEL', 'GAU', 'Non-Refundable', 0),
('DEL-073', 'New Delhi', 'Guwahati', 0, 15858, 'Business', 4, '4:10', '6:10', 'AirAsia', 'DEL', 'GAU', 'Non-Refundable', 0),
('DEL-074', 'New Delhi', 'Guwahati', 0, 16500, 'Business', 3, '5:25', '7:20', 'AirAsia', 'DEL', 'GAU', 'Non-Refundable', 0),
('DEL-075', 'New Delhi', 'Guwahati', 0, 17499, 'Business', 9, '15:30', '17:25', 'AirAsia', 'DEL', 'GAU', 'Non-Refundable', 0),
('DEL-076', 'New Delhi', 'Guwahati', 0, 32165, 'Business', 2, '18:45', '6:45', 'GoAir', 'DEL', 'GAU', 'Non-Refundable', 0),
('DEL-077', 'New Delhi', 'Guwahati', 0, 17000, 'Business', 3, '22:00', '12:20', 'Vistara', 'DEL', 'GAU', 'Non-Refundable', 0),
('DEL-078', 'New Delhi', 'Guwahati', 0, 22055, 'Business', 6, '12:25', '12:25', 'Spicejet', 'DEL', 'GAU', 'Non-Refundable', 0),
('DEL-079', 'New Delhi', 'Guwahati', 0, 35265, 'Business', 10, '03:00', '7:00', 'Spicejet', 'DEL', 'GAU', 'Non-Refundable', 0),
('DEL-080', 'New Delhi', 'Guwahati', 0, 12335, 'Business', 7, '6:45', '23:35', 'Jet Airways', 'DEL', 'GAU', 'Non-Refundable', 0),
('DEL-081', 'New Delhi', 'Goa', 0, 3884, 'Economy', 12, '16:45', '19:30', 'IndiGo', 'DEL', 'GOI', 'Non-Refundable', 0),
('DEL-082', 'New Delhi', 'Goa', 0, 4887, 'Economy', 6, '11:25', '14:05', 'AirAsia', 'DEL', 'GOI', 'Refundable', 0),
('DEL-083', 'New Delhi', 'Goa', 0, 4000, 'Economy', 3, '5:10', '8:00', 'AirAsia', 'DEL', 'GOI', 'Refundable', 0),
('DEL-084', 'New Delhi', 'Goa', 0, 4000, 'Economy', 8, '12:10', '14:50', 'AirAsia', 'DEL', 'GOI', 'Refundable', 0),
('DEL-085', 'New Delhi', 'Goa', 0, 6830, 'Economy', 23, '10:00', '14:45', 'Spicejet', 'DEL', 'GOI', 'Non-Refundable', 0),
('DEL-086', 'New Delhi', 'Goa', 0, 6830, 'Economy', 15, '17:00', '3:20', 'Spicejet', 'DEL', 'GOI', 'Refundable', 0),
('DEL-087', 'New Delhi', 'Goa', 0, 4278, 'Economy', 16, '18:45', '21:20', 'IndiGo', 'DEL', 'GOI', 'Non-Refundable', 0),
('DEL-088', 'New Delhi', 'Goa', 0, 10500, 'Economy', 6, '11:10', '13:45', 'GoAir', 'DEL', 'GOI', 'Refundable', 0),
('DEL-089', 'New Delhi', 'Goa', 0, 4025, 'Economy', 15, '10:45', '13:15', 'Vistara', 'DEL', 'GOI', 'Refundable', 0),
('DEL-090', 'New Delhi', 'Goa', 0, 7000, 'Economy', 2, '14:00', '17:50', 'IndiGo', 'DEL', 'GOI', 'Non-Refundable', 0),
('DEL-091', 'New Delhi', 'Goa', 0, 23335, 'Business', 5, '11:10', '13:45', 'IndiGo', 'DEL', 'GOI', 'Non-Refundable', 0),
('DEL-092', 'New Delhi', 'Goa', 0, 23335, 'Business', 10, '18:45', '21:20', 'IndiGo', 'DEL', 'GOI', 'Non-Refundable', 0),
('DEL-093', 'New Delhi', 'Goa', 0, 29365, 'Business', 4, '11:05', '13:30', 'AirAsia', 'DEL', 'GOI', 'Non-Refundable', 0),
('DEL-094', 'New Delhi', 'Goa', 0, 38250, 'Business', 3, '21:05', '12:45', 'AirAsia', 'DEL', 'GOI', 'Non-Refundable', 0),
('DEL-095', 'New Delhi', 'Goa', 0, 38630, 'Business', 2, '19:00', '12:45', 'GoAir', 'DEL', 'GOI', 'Non-Refundable', 0),
('DEL-096', 'New Delhi', 'Goa', 0, 38630, 'Business', 9, '16:05', '12:45', 'AirAsia', 'DEL', 'GOI', 'Non-Refundable', 0),
('DEL-097', 'New Delhi', 'Goa', 0, 39100, 'Business', 6, '7:00', '3:20', 'Spicejet', 'DEL', 'GOI', 'Non-Refundable', 0),
('DEL-098', 'New Delhi', 'Goa', 0, 39100, 'Business', 10, '8:00', '3:20', 'Spicejet', 'DEL', 'GOI', 'Non-Refundable', 0),
('DEL-099', 'New Delhi', 'Goa', 0, 35050, 'Business', 3, '22:45', '6:35', 'Vistara', 'DEL', 'GOI', 'Non-Refundable', 0),
('DEL-100', 'New Delhi', 'Goa', 0, 35050, 'Business', 7, '21:50', '3:45', 'Jet Airways', 'DEL', 'GOI', 'Non-Refundable', 0),
('DEL-101', 'New Delhi', 'Hyderabad', 0, 5515, 'Economy', 12, '00:25', '2:00', 'IndiGo', 'DEL', 'HYD', 'Non-Refundable', 0),
('DEL-102', 'New Delhi', 'Hyderabad', 0, 6830, 'Economy', 6, '5:00', '7:35', 'AirAsia', 'DEL', 'HYD', 'Refundable', 0),
('DEL-103', 'New Delhi', 'Hyderabad', 0, 6830, 'Economy', 24, '6:35', '8:55', 'AirAsia', 'DEL', 'HYD', 'Refundable', 12),
('DEL-104', 'New Delhi', 'Hyderabad', 0, 6830, 'Economy', 8, '9:50', '14:00', 'AirAsia', 'DEL', 'HYD', 'Refundable', 0),
('DEL-105', 'New Delhi', 'Hyderabad', 0, 7441, 'Economy', 23, '6:00', '8:50', 'Spicejet', 'DEL', 'HYD', 'Non-Refundable', 0),
('DEL-106', 'New Delhi', 'Hyderabad', 0, 7999, 'Economy', 15, '14:30', '16:55', 'Spicejet', 'DEL', 'HYD', 'Refundable', 0),
('DEL-107', 'New Delhi', 'Hyderabad', 0, 7990, 'Economy', 16, '10:30', '12:30', 'IndiGo', 'DEL', 'HYD', 'Non-Refundable', 0),
('DEL-108', 'New Delhi', 'Hyderabad', 0, 7990, 'Economy', 6, '18:35', '20:00', 'GoAir', 'DEL', 'HYD', 'Refundable', 0),
('DEL-109', 'New Delhi', 'Hyderabad', 0, 8142, 'Economy', 15, '20:35', '23:30', 'Vistara', 'DEL', 'HYD', 'Refundable', 0),
('DEL-110', 'New Delhi', 'Hyderabad', 0, 10000, 'Economy', 2, '15:30', '19:15', 'IndiGo', 'DEL', 'HYD', 'Non-Refundable', 0),
('DEL-111', 'New Delhi', 'Hyderabad', 0, 15546, 'Business', 5, '2:00', '3:30', 'IndiGo', 'DEL', 'HYD', 'Non-Refundable', 0),
('DEL-112', 'New Delhi', 'Hyderabad', 0, 15546, 'Business', 10, '3:15', '5:00', 'IndiGo', 'DEL', 'HYD', 'Non-Refundable', 0),
('DEL-113', 'New Delhi', 'Hyderabad', 0, 15858, 'Business', 4, '4:10', '6:10', 'AirAsia', 'DEL', 'HYD', 'Non-Refundable', 0),
('DEL-114', 'New Delhi', 'Hyderabad', 0, 16500, 'Business', 3, '5:25', '7:20', 'AirAsia', 'DEL', 'HYD', 'Non-Refundable', 0),
('DEL-115', 'New Delhi', 'Hyderabad', 0, 17499, 'Business', 9, '15:30', '17:25', 'AirAsia', 'DEL', 'HYD', 'Non-Refundable', 0),
('DEL-116', 'New Delhi', 'Hyderabad', 0, 32165, 'Business', 2, '18:45', '6:45', 'GoAir', 'DEL', 'HYD', 'Non-Refundable', 0),
('DEL-117', 'New Delhi', 'Hyderabad', 0, 22055, 'Business', 6, '12:25', '12:25', 'Spicejet', 'DEL', 'HYD', 'Non-Refundable', 0),
('DEL-118', 'New Delhi', 'Hyderabad', 0, 35265, 'Business', 10, '03:00', '7:00', 'Spicejet', 'DEL', 'HYD', 'Non-Refundable', 0),
('DEL-119', 'New Delhi', 'Hyderabad', 0, 17000, 'Business', 3, '22:00', '12:20', 'Vistara', 'DEL', 'HYD', 'Non-Refundable', 0),
('DEL-120', 'New Delhi', 'Hyderabad', 0, 12335, 'Business', 7, '6:45', '23:35', 'Jet Airways', 'DEL', 'HYD', 'Non-Refundable', 0),
('DEL-121', 'New Delhi', 'Kolkata', 0, 5515, 'Economy', 12, '00:25', '2:00', 'AirAsia', 'DEL', 'CCU', 'Non-Refundable', 0),
('DEL-122', 'New Delhi', 'Kolkata', 0, 6830, 'Economy', 6, '5:00', '7:35', 'AirAsia', 'DEL', 'CCU', 'Refundable', 0),
('DEL-123', 'New Delhi', 'Kolkata', 0, 6830, 'Economy', 36, '6:35', '8:55', 'AirAsia', 'DEL', 'CCU', 'Refundable', 0),
('DEL-124', 'New Delhi', 'Kolkata', 0, 6830, 'Economy', 8, '9:50', '14:00', 'Spicejet', 'DEL', 'CCU', 'Refundable', 0),
('DEL-125', 'New Delhi', 'Kolkata', 0, 7441, 'Economy', 23, '6:00', '8:50', 'Spicejet', 'DEL', 'CCU', 'Non-Refundable', 0),
('DEL-126', 'New Delhi', 'Kolkata', 0, 7999, 'Economy', 15, '14:30', '16:55', 'Spicejet', 'DEL', 'CCU', 'Refundable', 0),
('DEL-127', 'New Delhi', 'Kolkata', 0, 7990, 'Economy', 16, '10:30', '12:30', 'GoAir', 'DEL', 'CCU', 'Non-Refundable', 0),
('DEL-128', 'New Delhi', 'Kolkata', 0, 7990, 'Economy', 6, '18:35', '20:00', 'IndiGo', 'DEL', 'CCU', 'Refundable', 0),
('DEL-129', 'New Delhi', 'Kolkata', 0, 8142, 'Economy', 15, '20:35', '23:30', 'IndiGo', 'DEL', 'CCU', 'Refundable', 0),
('DEL-130', 'New Delhi', 'Kolkata', 0, 10000, 'Economy', 2, '15:30', '19:15', 'IndiGo', 'DEL', 'CCU', 'Non-Refundable', 0),
('DEL-131', 'New Delhi', 'Kolkata', 0, 15546, 'Business', 5, '2:00', '3:30', 'Jet Airways', 'DEL', 'CCU', 'Non-Refundable', 0),
('DEL-132', 'New Delhi', 'Kolkata', 0, 15546, 'Business', 10, '3:15', '5:00', 'Jet Airways', 'DEL', 'CCU', 'Non-Refundable', 0),
('DEL-133', 'New Delhi', 'Kolkata', 0, 15858, 'Business', 4, '4:10', '6:10', 'Jet Airways', 'DEL', 'CCU', 'Non-Refundable', 0),
('DEL-134', 'New Delhi', 'Kolkata', 0, 16500, 'Business', 3, '5:25', '7:20', 'Jet Airways', 'DEL', 'CCU', 'Non-Refundable', 0),
('DEL-135', 'New Delhi', 'Kolkata', 0, 17499, 'Business', 9, '15:30', '17:25', 'AirIndia', 'DEL', 'CCU', 'Non-Refundable', 0),
('DEL-136', 'New Delhi', 'Kolkata', 0, 32165, 'Business', 2, '18:45', '6:45', 'AirIndia', 'DEL', 'CCU', 'Non-Refundable', 0),
('DEL-137', 'New Delhi', 'Kolkata', 0, 22055, 'Business', 6, '12:25', '12:25', 'AirIndia', 'DEL', 'CCU', 'Non-Refundable', 0),
('DEL-138', 'New Delhi', 'Kolkata', 0, 35265, 'Business', 10, '03:00', '7:00', 'Vistara', 'DEL', 'CCU', 'Non-Refundable', 0),
('DEL-139', 'New Delhi', 'Kolkata', 0, 17000, 'Business', 3, '22:00', '12:20', 'Vistara', 'DEL', 'CCU', 'Non-Refundable', 0),
('DEL-140', 'New Delhi', 'Kolkata', 0, 12335, 'Business', 7, '6:45', '23:35', 'Vistara', 'DEL', 'CCU', 'Non-Refundable', 0),
('DEL-141', 'New Delhi', 'Chennai', 0, 3568, 'Economy', 12, '14:00', '16:40', 'Jet Airways', 'DEL', 'MAA', 'Non-Refundable', 0),
('DEL-142', 'New Delhi', 'Chennai', 0, 3568, 'Economy', 6, '21:45', '0:35', 'Jet Airways', 'DEL', 'MAA', 'Refundable', 0),
('DEL-143', 'New Delhi', 'Chennai', 0, 3600, 'Economy', 10, '6:05', '8:45', 'AirIndia', 'DEL', 'MAA', 'Refundable', 0),
('DEL-144', 'New Delhi', 'Chennai', 0, 3600, 'Economy', 8, '12:30', '15:15', 'AirIndia', 'DEL', 'MAA', 'Refundable', 0),
('DEL-145', 'New Delhi', 'Chennai', 0, 3737, 'Economy', 23, '6:55', '9:45', 'Spicejet', 'DEL', 'MAA', 'Non-Refundable', 0),
('DEL-146', 'New Delhi', 'Chennai', 0, 3940, 'Economy', 15, '6:50', '9:35', 'Jet Airways', 'DEL', 'MAA', 'Refundable', 0),
('DEL-147', 'New Delhi', 'Chennai', 0, 4076, 'Economy', 16, '21:45', '00:50', 'IndiGo', 'DEL', 'MAA', 'Non-Refundable', 0),
('DEL-148', 'New Delhi', 'Chennai', 0, 4314, 'Economy', 6, '14:45', '17:25', 'Spicejet', 'DEL', 'MAA', 'Refundable', 0),
('DEL-149', 'New Delhi', 'Chennai', 0, 4314, 'Economy', 15, '20:40', '23:20', 'Spicejet', 'DEL', 'MAA', 'Refundable', 0),
('DEL-150', 'New Delhi', 'Chennai', 0, 4750, 'Economy', 2, '17:20', '20:05', 'AirIndia', 'DEL', 'MAA', 'Non-Refundable', 0),
('DEL-151', 'New Delhi', 'Chennai', 0, 14850, 'Business', 5, '6:05', '8:45', 'AirIndia', 'DEL', 'MAA', 'Non-Refundable', 0),
('DEL-152', 'New Delhi', 'Chennai', 0, 14850, 'Business', 10, '17:20', '20:05', 'AirIndia', 'DEL', 'MAA', 'Non-Refundable', 0),
('DEL-153', 'New Delhi', 'Chennai', 0, 19825, 'Business', 9, '20:45', '23:35', 'AirIndia', 'DEL', 'MAA', 'Non-Refundable', 0),
('DEL-154', 'New Delhi', 'Chennai', 0, 19825, 'Business', 4, '9:55', '12:40', 'AirIndia', 'DEL', 'MAA', 'Non-Refundable', 0),
('DEL-155', 'New Delhi', 'Chennai', 0, 19825, 'Business', 3, '12:30', '15:15', 'AirIndia', 'DEL', 'MAA', 'Non-Refundable', 0),
('DEL-156', 'New Delhi', 'Chennai', 0, 19341, 'Business', 2, '6:50', '9:35', 'Jet Airways', 'DEL', 'MAA', 'Non-Refundable', 0),
('DEL-157', 'New Delhi', 'Chennai', 0, 19341, 'Business', 6, '8:50', '11:25', 'Jet Airways', 'MAA', 'PNQ', 'Non-Refundable', 0),
('DEL-158', 'New Delhi', 'Chennai', 0, 19341, 'Business', 10, '11:00', '13:50', 'Jet Airways', 'MAA', 'PNQ', 'Non-Refundable', 0),
('DEL-159', 'New Delhi', 'Chennai', 0, 40000, 'Business', 3, '14:00', '16:40', 'Jet Airways', 'DEL', 'MAA', 'Non-Refundable', 0),
('DEL-160', 'New Delhi', 'Chennai', 0, 42000, 'Business', 7, '16:00', '18:50', 'Jet Airways', 'DEL', 'MAA', 'Non-Refundable', 0),
('DEL-161', 'New Delhi', 'Mumbai', 0, 5297, 'Economy', 12, '8:45', '11:10', 'Vistara', 'DEL', 'BOM', 'Non-Refundable', 0),
('DEL-162', 'New Delhi', 'Mumbai', 0, 5297, 'Economy', 6, '11:40', '13:50', 'Vistara', 'DEL', 'BOM', 'Refundable', 0),
('DEL-163', 'New Delhi', 'Mumbai', 0, 5297, 'Economy', 3, '15:25', '17:25', 'Vistara', 'DEL', 'BOM', 'Refundable', 0),
('DEL-164', 'New Delhi', 'Mumbai', 0, 5758, 'Economy', 8, '10:45', '12:50', 'GoAir', 'DEL', 'BOM', 'Refundable', 0),
('DEL-165', 'New Delhi', 'Mumbai', 0, 5758, 'Economy', 23, '22:30', '00:05', 'GoAir', 'DEL', 'BOM', 'Non-Refundable', 0),
('DEL-166', 'New Delhi', 'Mumbai', 0, 5808, 'Economy', 15, '10:30', '12:50', 'IndiGo', 'DEL', 'BOM', 'Refundable', 0),
('DEL-167', 'New Delhi', 'Mumbai', 0, 6067, 'Economy', 16, '9:00', '11:10', 'AirIndia', 'DEL', 'BOM', 'Non-Refundable', 0),
('DEL-168', 'New Delhi', 'Mumbai', 0, 6067, 'Economy', 6, '10:00', '12:15', 'AirIndia', 'DEL', 'BOM', 'Refundable', 0),
('DEL-169', 'New Delhi', 'Mumbai', 0, 6067, 'Economy', 15, '13:00', '15:10', 'AirIndia', 'DEL', 'BOM', 'Refundable', 0),
('DEL-170', 'New Delhi', 'Mumbai', 0, 6100, 'Economy', 2, '10:30', '12:35', 'Jet Airways', 'DEL', 'BOM', 'Non-Refundable', 0),
('DEL-171', 'New Delhi', 'Guwahati', 0, 24610, 'Business', 5, '9:00', '11:10', 'AirIndia', 'DEL', 'BOM', 'Non-Refundable', 0),
('DEL-172', 'New Delhi', 'Guwahati', 0, 24610, 'Business', 10, '10:00', '12:15', 'AirIndia', 'DEL', 'BOM', 'Non-Refundable', 0),
('DEL-173', 'New Delhi', 'Guwahati', 0, 24610, 'Business', 4, '13:00', '15:10', 'AirIndia', 'DEL', 'BOM', 'Non-Refundable', 0),
('DEL-174', 'New Delhi', 'Guwahati', 0, 24700, 'Business', 3, '17:00', '19:20', 'AirIndia', 'DEL', 'BOM', 'Non-Refundable', 0),
('DEL-175', 'New Delhi', 'Guwahati', 0, 21999, 'Business', 9, '6:05', '8:30', 'Spicejet', 'DEL', 'BOM', 'Non-Refundable', 0),
('DEL-176', 'New Delhi', 'Guwahati', 0, 21999, 'Business', 2, '19:55', '22:00', 'Spicejet', 'DEL', 'BOM', 'Non-Refundable', 0),
('DEL-177', 'New Delhi', 'Guwahati', 0, 27815, 'Business', 6, '10:20', '12:25', 'Vistara', 'DEL', 'BOM', 'Non-Refundable', 0),
('DEL-178', 'New Delhi', 'Guwahati', 0, 27815, 'Business', 10, '11:40', '13:50', 'Vistara', 'DEL', 'BOM', 'Non-Refundable', 0),
('DEL-179', 'New Delhi', 'Guwahati', 0, 28973, 'Business', 3, '7:05', '9:10', 'Jet Airways', 'DEL', 'BOM', 'Non-Refundable', 0),
('DEL-180', 'New Delhi', 'Guwahati', 0, 28973, 'Business', 7, '9:45', '11:50', 'Jet Airways', 'DEL', 'BOM', 'Non-Refundable', 0),
('DEL-181', 'New Delhi', 'Pune', 0, 5515, 'Economy', 12, '00:25', '2:00', 'IndiGo', 'DEL', 'PNQ', 'Non-Refundable', 0),
('DEL-182', 'New Delhi', 'Pune', 0, 6830, 'Economy', 6, '5:00', '7:35', 'AirAsia', 'DEL', 'PNQ', 'Refundable', 0),
('DEL-183', 'New Delhi', 'Pune', 0, 6830, 'Economy', 36, '6:35', '8:55', 'AirAsia', 'DEL', 'PNQ', 'Refundable', 0),
('DEL-184', 'New Delhi', 'Pune', 0, 7441, 'Economy', 23, '6:00', '8:50', 'Spicejet', 'DEL', 'PNQ', 'Non-Refundable', 0),
('DEL-185', 'New Delhi', 'Pune', 0, 6830, 'Economy', 8, '9:50', '14:00', 'AirAsia', 'DEL', 'PNQ', 'Refundable', 0),
('DEL-1865', 'New Delhi', 'Pune', 0, 7999, 'Economy', 15, '14:30', '16:55', 'Spicejet', 'DEL', 'PNQ', 'Refundable', 0),
('DEL-187', 'New Delhi', 'Pune', 0, 7990, 'Economy', 16, '10:30', '12:30', 'IndiGo', 'DEL', 'PNQ', 'Non-Refundable', 0),
('DEL-188', 'New Delhi', 'Pune', 0, 7990, 'Economy', 6, '18:35', '20:00', 'GoAir', 'DEL', 'PNQ', 'Refundable', 0),
('DEL-190', 'New Delhi', 'Pune', 0, 10000, 'Economy', 2, '15:30', '19:15', 'IndiGo', 'DEL', 'PNQ', 'Non-Refundable', 0),
('DEL-191', 'New Delhi', 'Pune', 0, 15546, 'Business', 5, '2:00', '3:30', 'IndiGo', 'DEL', 'PNQ', 'Non-Refundable', 0),
('DEL-192', 'New Delhi', 'Pune', 0, 15546, 'Business', 10, '3:15', '5:00', 'IndiGo', 'DEL', 'PNQ', 'Non-Refundable', 0),
('DEL-193', 'New Delhi', 'Pune', 0, 15858, 'Business', 4, '4:10', '6:10', 'AirAsia', 'DEL', 'PNQ', 'Non-Refundable', 0),
('DEL-194', 'New Delhi', 'Pune', 0, 16500, 'Business', 3, '5:25', '7:20', 'AirAsia', 'DEL', 'PNQ', 'Non-Refundable', 0),
('DEL-195', 'New Delhi', 'Pune', 0, 17499, 'Business', 9, '15:30', '17:25', 'AirAsia', 'DEL', 'PNQ', 'Non-Refundable', 0),
('DEL-196', 'New Delhi', 'Pune', 0, 32165, 'Business', 2, '18:45', '6:45', 'GoAir', 'DEL', 'PNQ', 'Non-Refundable', 0),
('DEL-197', 'New Delhi', 'Pune', 0, 22055, 'Business', 6, '12:25', '12:25', 'Spicejet', 'DEL', 'PNQ', 'Non-Refundable', 0),
('DEL-198', 'New Delhi', 'Pune', 0, 35265, 'Business', 10, '03:00', '7:00', 'Spicejet', 'DEL', 'PNQ', 'Non-Refundable', 0),
('DEL-199', 'New Delhi', 'Pune', 0, 17000, 'Business', 3, '22:00', '12:20', 'Vistara', 'DEL', 'PNQ', 'Non-Refundable', 0),
('DEL-200', 'New Delhi', 'Pune', 0, 12335, 'Business', 7, '6:45', '23:35', 'Jet Airways', 'DEL', 'PNQ', 'Non-Refundable', 0),
('GHY-001', 'Guwahati', 'Ahmedabad', 0, 8200, 'Economy', 12, '3:15', '7:30', 'IndiGo', 'GAU', 'AMD', 'Non-Refundable', 0),
('GHY-002', 'Guwahati', 'Ahmedabad', 0, 8400, 'Economy', 6, '6:15', '8:45', 'IndiGo', 'GAU', 'AMD', 'Refundable', 0),
('GHY-003', 'Guwahati', 'Ahmedabad', 0, 4026, 'Economy', 36, '7:30', '9:50', 'IndiGo', 'GAU', 'AMD', 'Refundable', 0),
('GHY-004', 'Guwahati', 'Ahmedabad', 0, 4700, 'Economy', 8, '10:25', '12:55', 'IndiGo', 'GAU', 'AMD', 'Refundable', 0),
('GHY-005', 'Guwahati', 'Ahmedabad', 0, 7421, 'Economy', 23, '15:30', '18:05', 'AirIndia', 'GAU', 'AMD', 'Non-Refundable', 0),
('GHY-006', 'Guwahati', 'Ahmedabad', 0, 7720, 'Economy', 15, '18:00', '20:30', 'AirAsia', 'GAU', 'AMD', 'Refundable', 0),
('GHY-007', 'Guwahati', 'Ahmedabad', 0, 8940, 'Economy', 16, '8:00', '10:00', 'AirIndia', 'GAU', 'AMD', 'Non-Refundable', 0),
('GHY-008', 'Guwahati', 'Ahmedabad', 0, 4591, 'Economy', 6, '8:40', '10:30', 'IndiGo', 'GAU', 'AMD', 'Refundable', 0),
('GHY-009', 'Guwahati', 'Ahmedabad', 0, 3200, 'Economy', 15, '14:05', '16:30', 'Jet Airways', 'GAU', 'AMD', 'Refundable', 0),
('GHY-010', 'Guwahati', 'Ahmedabad', 0, 7580, 'Economy', 2, '19:25', '22:10', 'Jet Airways', 'GAU', 'AMD', 'Non-Refundable', 0),
('GHY-011', 'Guwahati', 'Ahmedabad', 0, 18816, 'Business', 5, '2:00', '3:30', 'AirIndia', 'GAU', 'AMD', 'Non-Refundable', 0),
('GHY-012', 'Guwahati', 'Ahmedabad', 0, 30616, 'Business', 10, '3:15', '5:00', 'AirIndia', 'GAU', 'AMD', 'Non-Refundable', 0),
('GHY-013', 'Guwahati', 'Ahmedabad', 0, 52768, 'Business', 4, '4:10', '6:10', 'Vistara', 'GAU', 'AMD', 'Non-Refundable', 0),
('GHY-014', 'Guwahati', 'Ahmedabad', 0, 32768, 'Business', 3, '5:25', '7:20', 'Vistara', 'GAU', 'AMD', 'Non-Refundable', 0),
('GHY-015', 'Guwahati', 'Ahmedabad', 0, 34606, 'Business', 9, '15:30', '17:25', 'Jet Airways', 'GAU', 'AMD', 'Non-Refundable', 0),
('GHY-016', 'Guwahati', 'Ahmedabad', 0, 77100, 'Business', 2, '18:45', '6:45', 'Jet Airways', 'GAU', 'AMD', 'Non-Refundable', 0),
('GHY-017', 'Guwahati', 'Ahmedabad', 0, 70000, 'Business', 6, '12:25', '12:25', 'AirIndia', 'GAU', 'AMD', 'Non-Refundable', 0),
('GHY-018', 'Guwahati', 'Ahmedabad', 0, 70000, 'Business', 10, '03:00', '7:00', 'AirIndia', 'GAU', 'AMD', 'Non-Refundable', 0),
('GHY-019', 'Guwahati', 'Ahmedabad', 0, 60000, 'Business', 3, '22:00', '12:20', 'Jet Airways', 'GAU', 'AMD', 'Non-Refundable', 0),
('GHY-020', 'Guwahati', 'Ahmedabad', 0, 55600, 'Business', 7, '6:45', '23:35', 'Jet Airways', 'GAU', 'AMD', 'Non-Refundable', 0),
('GHY-021', 'Guwahati', 'Bhopal', 0, 13600, 'Economy', 12, '19:30', '7:00', 'IndiGo', 'GAU', 'BHO', 'Non-Refundable', 0),
('GHY-022', 'Guwahati', 'Bhopal', 0, 13600, 'Economy', 6, '19:30', '20:15', 'IndiGo', 'GAU', 'BHO', 'Refundable', 0),
('GHY-023', 'Guwahati', 'Bhopal', 0, 14600, 'Economy', 36, '16:00', '7:00', 'IndiGo', 'GAU', 'BHO', 'Refundable', 0),
('GHY-024', 'Guwahati', 'Bhopal', 0, 22630, 'Economy', 8, '15:35', '21:15', 'IndiGo', 'GAU', 'BHO', 'Refundable', 0),
('GHY-025', 'Guwahati', 'Bhopal', 0, 22630, 'Economy', 23, '15:35', '7:15', 'AirIndia', 'GAU', 'BHO', 'Non-Refundable', 0),
('GHY-026', 'Guwahati', 'Bhopal', 0, 42410, 'Business', 12, '19:30', '7:00', 'IndiGo', 'GAU', 'BHO', 'Non-Refundable', 0),
('GHY-027', 'Guwahati', 'Bhopal', 0, 43900, 'Business', 6, '19:30', '20:15', 'IndiGo', 'GAU', 'BHO', 'Refundable', 0),
('GHY-028', 'Guwahati', 'Bhopal', 0, 43900, 'Business', 36, '16:00', '7:00', 'IndiGo', 'GAU', 'BHO', 'Refundable', 0),
('GHY-029', 'Guwahati', 'Bhopal', 0, 37810, 'Business', 8, '15:35', '21:15', 'IndiGo', 'GAU', 'BHO', 'Refundable', 0),
('GHY-030', 'Guwahati', 'Bhopal', 0, 41520, 'Business', 23, '15:35', '7:15', 'AirIndia', 'GAU', 'BHO', 'Non-Refundable', 0),
('GHY-031', 'Guwahati', 'Bengaluru', 0, 28816, 'Business', 5, '2:00', '3:30', 'AirIndia', 'GAU', 'BLR', 'Non-Refundable', 0),
('GHY-032', 'Guwahati', 'Bengaluru', 0, 30616, 'Business', 10, '3:15', '5:00', 'AirIndia', 'GAU', 'BLR', 'Non-Refundable', 0),
('GHY-033', 'Guwahati', 'Bengaluru', 0, 32768, 'Business', 4, '4:10', '6:10', 'Vistara', 'GAU', 'BLR', 'Non-Refundable', 0),
('GHY-034', 'Guwahati', 'Bengaluru', 0, 32768, 'Business', 3, '5:25', '7:20', 'Vistara', 'GAU', 'BLR', 'Non-Refundable', 0),
('GHY-036', 'Guwahati', 'Bengaluru', 0, 37100, 'Business', 2, '18:45', '6:45', 'Jet Airways', 'GAU', 'BLR', 'Non-Refundable', 0),
('GHY-037', 'Guwahati', 'Bengaluru', 0, 40000, 'Business', 6, '12:25', '12:25', 'AirIndia', 'GAU', 'BLR', 'Non-Refundable', 0),
('GHY-038', 'Guwahati', 'Bengaluru', 0, 40000, 'Business', 10, '03:00', '7:00', 'AirIndia', 'GAU', 'BLR', 'Non-Refundable', 0),
('GHY-039', 'Guwahati', 'Bengaluru', 0, 40000, 'Business', 3, '22:00', '12:20', 'Jet Airways', 'GAU', 'BLR', 'Non-Refundable', 0),
('GHY-040', 'Guwahati', 'Bengaluru', 0, 55600, 'Business', 7, '6:45', '23:35', 'Jet Airways', 'GAU', 'BLR', 'Non-Refundable', 0),
('GHY-041', 'Guwahati', 'Mumbai', 0, 8999, 'Economy', 12, '15:50', '23:50', 'Spicejet', 'GAU', 'BOM', 'Non-Refundable', 0),
('GHY-042', 'Guwahati', 'Mumbai', 0, 10300, 'Economy', 6, '15:50', '22:05', 'Spicejet', 'GAU', 'BOM', 'Refundable', 0),
('GHY-043', 'Guwahati', 'Mumbai', 0, 10300, 'Economy', 36, '17:40', '23:50', 'Spicejet', 'GAU', 'BOM', 'Refundable', 0),
('GHY-044', 'Guwahati', 'Mumbai', 0, 10375, 'Economy', 8, '15:20', '22:00', 'GoAir', 'GAU', 'BOM', 'Refundable', 0),
('GHY-045', 'Guwahati', 'Mumbai', 0, 10375, 'Economy', 23, '15:20', '23:00', 'GoAir', 'GAU', 'BOM', 'Non-Refundable', 0),
('GHY-046', 'Guwahati', 'Mumbai', 0, 10500, 'Economy', 15, '11:45', '12:15', 'AirIndia', 'GAU', 'BOM', 'Refundable', 0),
('GHY-047', 'Guwahati', 'Mumbai', 0, 12650, 'Economy', 16, '18:50', '12:15', 'AirIndia', 'GAU', 'BOM', 'Non-Refundable', 0),
('GHY-048', 'Guwahati', 'Mumbai', 0, 12500, 'Economy', 6, '10:30', '12:15', 'AirIndia', 'GAU', 'BOM', 'Refundable', 0),
('GHY-049', 'Guwahati', 'Mumbai', 0, 12417, 'Economy', 15, '8:35', '12:05', 'IndiGo', 'GAU', 'BOM', 'Refundable', 0),
('GHY-050', 'Guwahati', 'Mumbai', 0, 16410, 'Economy', 2, '7:25', '13:45', 'IndiGo', 'GAU', 'BOM', 'Non-Refundable', 0),
('GHY-051', 'Guwahati', 'Mumbai', 0, 28000, 'Business', 5, '13:20', '23:25', 'Vistara', 'GAU', 'BOM', 'Non-Refundable', 0),
('GHY-052', 'Guwahati', 'Mumbai', 0, 28000, 'Business', 10, '13:20', '8:05', 'Vistara', 'GAU', 'BOM', 'Non-Refundable', 0),
('GHY-053', 'Guwahati', 'Mumbai', 0, 34000, 'Business', 4, '13:20', '14:55', 'Vistara', 'GAU', 'BOM', 'Non-Refundable', 0),
('GHY-054', 'Guwahati', 'Mumbai', 0, 37700, 'Business', 3, '16:00', '23:00', 'Jet Airways', 'GAU', 'BOM', 'Non-Refundable', 0),
('GHY-055', 'Guwahati', 'Mumbai', 0, 52000, 'Business', 3, '15:35', '22:15', 'AirIndia', 'GAU', 'BOM', 'Non-Refundable', 0),
('GHY-056', 'Guwahati', 'Mumbai', 0, 38300, 'Business', 9, '8:15', '19:10', 'Jet Airways', 'GAU', 'BOM', 'Non-Refundable', 0),
('GHY-057', 'Guwahati', 'Mumbai', 0, 38300, 'Business', 2, '15:45', '12:10', 'Jet Airways', 'GAU', 'BOM', 'Non-Refundable', 0),
('GHY-058', 'Guwahati', 'Mumbai', 0, 38200, 'Business', 6, '11:45', '12:15', 'AirIndia', 'GAU', 'BOM', 'Non-Refundable', 0),
('GHY-059', 'Guwahati', 'Mumbai', 0, 53000, 'Business', 10, '18:50', '00:25', 'AirIndia', 'GAU', 'BOM', 'Non-Refundable', 0),
('GHY-060', 'Guwahati', 'Mumbai', 0, 34822, 'Business', 7, '6:40', '10:50', 'GoAir', 'GAU', 'BOM', 'Non-Refundable', 0),
('GHY-061', 'Guwahati', 'New Delhi', 0, 4400, 'Economy', 6, '6:15', '8:45', 'Spicejet', 'GAU', 'DEL', 'Refundable', 0),
('GHY-062', 'Guwahati', 'New Delhi', 0, 3200, 'Economy', 35, '7:30', '9:50', 'Spicejet', 'GAU', 'DEL', 'Refundable', 1),
('GHY-063', 'Guwahati', 'New Delhi', 0, 4800, 'Economy', 8, '10:25', '12:55', 'Spicejet', 'GAU', 'DEL', 'Refundable', 0),
('GHY-064', 'Guwahati', 'New Delhi', 0, 5150, 'Economy', 23, '15:30', '18:05', 'Spicejet', 'GAU', 'DEL', 'Non-Refundable', 0),
('GHY-065', 'Guwahati', 'New Delhi', 0, 7099, 'Economy', 15, '18:00', '20:30', 'Jet Airways', 'GAU', 'DEL', 'Refundable', 0),
('GHY-066', 'Guwahati', 'New Delhi', 0, 3800, 'Economy', 16, '8:00', '10:00', 'IndiGo', 'GAU', 'DEL', 'Non-Refundable', 0),
('GHY-067', 'Guwahati', 'New Delhi', 0, 6544, 'Economy', 6, '8:40', '10:30', 'IndiGo', 'GAU', 'DEL', 'Refundable', 0),
('GHY-068', 'Guwahati', 'New Delhi', 0, 3650, 'Economy', 15, '14:05', '16:30', 'GoAir', 'GAU', 'DEL', 'Refundable', 0),
('GHY-069', 'Guwahati', 'New Delhi', 0, 8965, 'Economy', 2, '19:25', '22:10', 'AirIndia', 'GAU', 'DEL', 'Non-Refundable', 0),
('GHY-070', 'Guwahati', 'New Delhi', 0, 6000, 'Economy', 12, '5:15', '9:00', 'Vistara', 'GAU', 'DEL', 'Non-Refundable', 0),
('GHY-071', 'Guwahati', 'New Delhi', 0, 15546, 'Business', 5, '2:00', '3:30', 'IndiGo', 'GAU', 'DEL', 'Non-Refundable', 0),
('GHY-072', 'Guwahati', 'New Delhi', 0, 15546, 'Business', 10, '3:15', '5:00', 'IndiGo', 'GAU', 'DEL', 'Non-Refundable', 0),
('GHY-073', 'Guwahati', 'New Delhi', 0, 15858, 'Business', 4, '4:10', '6:10', 'AirAsia', 'GAU', 'DEL', 'Non-Refundable', 0),
('GHY-074', 'Guwahati', 'New Delhi', 0, 16500, 'Business', 3, '5:25', '7:20', 'AirAsia', 'GAU', 'DEL', 'Non-Refundable', 0),
('GHY-075', 'Guwahati', 'New Delhi', 0, 17499, 'Business', 9, '15:30', '17:25', 'AirAsia', 'GAU', 'DEL', 'Non-Refundable', 0),
('GHY-076', 'Guwahati', 'New Delhi', 0, 32165, 'Business', 2, '18:45', '6:45', 'GoAir', 'GAU', 'DEL', 'Non-Refundable', 0),
('GHY-077', 'Guwahati', 'New Delhi', 0, 17000, 'Business', 3, '22:00', '12:20', 'Vistara', 'GAU', 'DEL', 'Non-Refundable', 0),
('GHY-078', 'Guwahati', 'New Delhi', 0, 22055, 'Business', 6, '12:25', '12:25', 'Spicejet', 'GAU', 'DEL', 'Non-Refundable', 0),
('GHY-079', 'Guwahati', 'New Delhi', 0, 35265, 'Business', 10, '03:00', '7:00', 'Spicejet', 'GAU', 'DEL', 'Non-Refundable', 0),
('GHY-080', 'Guwahati', 'New Delhi', 0, 12335, 'Business', 7, '6:45', '23:35', 'Jet Airways', 'GAU', 'DEL', 'Non-Refundable', 0),
('GHY-081', 'Guwahati', 'Hyderabad', 0, 2800, 'Economy', 12, '19:30', '20:45', 'IndiGo', 'GAU', 'HYD', 'Non-Refundable', 0),
('GHY-082', 'Guwahati', 'Hyderabad', 0, 2800, 'Economy', 6, '12:55', '20:45', 'IndiGo', 'GAU', 'HYD', 'Refundable', 0),
('GHY-083', 'Guwahati', 'Hyderabad', 0, 4026, 'Economy', 36, '15:55', '20:45', 'IndiGo', 'GAU', 'HYD', 'Refundable', 0),
('GHY-084', 'Guwahati', 'Hyderabad', 0, 4700, 'Economy', 8, '08:25', '17:05', 'IndiGo', 'GAU', 'HYD', 'Refundable', 0),
('GHY-085', 'Guwahati', 'Hyderabad', 0, 7421, 'Economy', 23, '08:25', '08:45', 'AirIndia', 'GAU', 'HYD', 'Non-Refundable', 0),
('GHY-086', 'Guwahati', 'Hyderabad', 0, 7720, 'Economy', 15, '19:55', '20:00', 'AirAsia', 'GAU', 'HYD', 'Refundable', 0),
('GHY-087', 'Guwahati', 'Hyderabad', 0, 8940, 'Economy', 16, '15:25', '23:35', 'AirIndia', 'GAU', 'HYD', 'Non-Refundable', 0),
('GHY-088', 'Guwahati', 'Hyderabad', 0, 9400, 'Economy', 15, '15:50', '23:25', 'Jet Airways', 'GAU', 'HYD', 'Refundable', 0),
('GHY-089', 'Guwahati', 'Hyderabad', 0, 9480, 'Economy', 2, '15:20', '23:00', 'Jet Airways', 'GAU', 'HYD', 'Non-Refundable', 0),
('GHY-091', 'Guwahati', 'Hyderabad', 0, 30616, 'Business', 10, '3:15', '5:00', 'AirIndia', 'GAU', 'HYD', 'Non-Refundable', 0),
('GHY-092', 'Guwahati', 'Hyderabad', 0, 32768, 'Business', 4, '4:10', '6:10', 'Vistara', 'GAU', 'HYD', 'Non-Refundable', 0),
('GHY-093', 'Guwahati', 'Hyderabad', 0, 32768, 'Business', 3, '5:25', '7:20', 'Vistara', 'GAU', 'HYD', 'Non-Refundable', 0),
('GHY-094', 'Guwahati', 'Hyderabad', 0, 34606, 'Business', 9, '15:30', '17:25', 'Jet Airways', 'GAU', 'HYD', 'Non-Refundable', 0),
('GHY-095', 'Guwahati', 'Hyderabad', 0, 37100, 'Business', 2, '18:45', '6:45', 'Jet Airways', 'GAU', 'HYD', 'Non-Refundable', 0),
('GHY-096', 'Guwahati', 'Hyderabad', 0, 40000, 'Business', 6, '12:25', '12:25', 'AirIndia', 'GAU', 'HYD', 'Non-Refundable', 0),
('GHY-097', 'Guwahati', 'Hyderabad', 0, 40000, 'Business', 10, '03:00', '7:00', 'AirIndia', 'GAU', 'HYD', 'Non-Refundable', 0),
('GHY-098', 'Guwahati', 'Hyderabad', 0, 40000, 'Business', 3, '22:00', '12:20', 'Jet Airways', 'GAU', 'HYD', 'Non-Refundable', 0),
('GHY-099', 'Guwahati', 'Hyderabad', 0, 55600, 'Business', 7, '6:45', '23:35', 'Jet Airways', 'GAU', 'HYD', 'Non-Refundable', 0),
('GHY-100', 'Guwahati', 'Bengaluru', 0, 2800, 'Economy', 12, '3:15', '7:30', 'IndiGo', 'GAU', 'BLR', 'Non-Refundable', 0),
('GHY-101', 'Guwahati', 'Bengaluru', 0, 2800, 'Economy', 6, '6:15', '8:45', 'IndiGo', 'GAU', 'BLR', 'Refundable', 0),
('GHY-102', 'Guwahati', 'Bengaluru', 0, 4026, 'Economy', 36, '7:30', '9:50', 'IndiGo', 'GAU', 'BLR', 'Refundable', 0),
('GHY-103', 'Guwahati', 'Bengaluru', 0, 4700, 'Economy', 8, '10:25', '12:55', 'IndiGo', 'GAU', 'BLR', 'Refundable', 0),
('GHY-104', 'Guwahati', 'Bengaluru', 0, 7421, 'Economy', 16, '15:30', '18:05', 'AirIndia', 'GAU', 'BLR', 'Non-Refundable', 7),
('GHY-105', 'Guwahati', 'Bengaluru', 0, 7720, 'Economy', 15, '18:00', '20:30', 'AirAsia', 'GAU', 'BLR', 'Refundable', 0),
('GHY-106', 'Guwahati', 'Bengaluru', 0, 8940, 'Economy', 16, '8:00', '10:00', 'AirIndia', 'GAU', 'BLR', 'Non-Refundable', 0),
('GHY-107', 'Guwahati', 'Bengaluru', 0, 9191, 'Economy', 6, '8:40', '10:30', 'IndiGo', 'GAU', 'BLR', 'Refundable', 0),
('GHY-108', 'Guwahati', 'Bengaluru', 0, 9400, 'Economy', 15, '14:05', '16:30', 'Jet Airways', 'GAU', 'BLR', 'Refundable', 0),
('GHY-109', 'Guwahati', 'Bengaluru', 0, 9480, 'Economy', 2, '19:25', '22:10', 'Jet Airways', 'GAU', 'BLR', 'Non-Refundable', 0),
('GHY-110', 'Guwahati', 'Kolkata', 0, 3520, 'Economy', 12, '11:45', '13:05', 'AirIndia', 'GAU', 'CCU', 'Non-Refundable', 0),
('GHY-111', 'Guwahati', 'Kolkata', 0, 4120, 'Economy', 6, '18:50', '20:00', 'AirIndia', 'GAU', 'CCU', 'Refundable', 0),
('GHY-112', 'Guwahati', 'Kolkata', 0, 4221, 'Economy', 36, '15:10', '16:30', 'Spicejet', 'GAU', 'CCU', 'Refundable', 0),
('GHY-113', 'Guwahati', 'Kolkata', 0, 4720, 'Economy', 8, '20:15', '21:50', 'Spicejet', 'GAU', 'CCU', 'Refundable', 0),
('GHY-114', 'Guwahati', 'Kolkata', 0, 4720, 'Economy', 23, '7:25', '8:40', 'IndiGo', 'GAU', 'CCU', 'Non-Refundable', 0),
('GHY-115', 'Guwahati', 'Kolkata', 0, 4720, 'Economy', 15, '16:10', '17:55', 'IndiGo', 'GAU', 'CCU', 'Refundable', 0),
('GHY-116', 'Guwahati', 'Kolkata', 0, 5000, 'Economy', 16, '11:15', '12:15', 'GoAir', 'GAU', 'CCU', 'Non-Refundable', 0),
('GHY-117', 'Guwahati', 'Kolkata', 0, 4500, 'Economy', 6, '8:55', '10:10', 'Jet Airways', 'GAU', 'CCU', 'Refundable', 0),
('GHY-118', 'Guwahati', 'Kolkata', 0, 4500, 'Economy', 15, '15:45', '17:10', 'Jet Airways', 'GAU', 'CCU', 'Refundable', 0),
('GHY-119', 'Guwahati', 'Kolkata', 0, 8400, 'Economy', 2, '12:50', '14:05', 'Jet Airways', 'GAU', 'CCU', 'Non-Refundable', 0),
('GHY-120', 'Guwahati', 'Kolkata', 0, 13476, 'Business', 5, '11:45', '13:10', 'AirIndia', 'GAU', 'CCU', 'Non-Refundable', 0),
('GHY-121', 'Guwahati', 'Kolkata', 0, 13476, 'Business', 10, '19:00', '20:00', 'AirIndia', 'GAU', 'CCU', 'Non-Refundable', 0),
('GHY-122', 'Guwahati', 'Kolkata', 0, 41828, 'Business', 4, '15:35', '9:05', 'AirIndia', 'GAU', 'CCU', 'Non-Refundable', 0),
('GHY-123', 'Guwahati', 'Kolkata', 0, 21746, 'Business', 3, '12:35', '13:45', 'AirIndia', 'GAU', 'CCU', 'Non-Refundable', 0),
('GHY-124', 'Guwahati', 'Kolkata', 0, 13771, 'Business', 9, '8:55', '10:10', 'Jet Airways', 'GAU', 'CCU', 'Non-Refundable', 0),
('GHY-125', 'Guwahati', 'Kolkata', 0, 13771, 'Business', 2, '15:45', '17:10', 'Jet Airways', 'GAU', 'CCU', 'Non-Refundable', 0),
('GHY-126', 'Guwahati', 'Kolkata', 0, 13771, 'Business', 6, '19:15', '20:30', 'Jet Airways', 'GAU', 'CCU', 'Non-Refundable', 0),
('GHY-127', 'Guwahati', 'Kolkata', 0, 21476, 'Business', 10, '14:00', '17:00', 'Jet Airways', 'GAU', 'CCU', 'Non-Refundable', 0),
('GHY-128', 'Guwahati', 'Kolkata', 0, 31980, 'Business', 3, '13:20', '20:20', 'Vistara', 'GAU', 'CCU', 'Non-Refundable', 0),
('GHY-129', 'Guwahati', 'Kolkata', 0, 31980, 'Business', 7, '13:20', '22:15', 'Vistara', 'GAU', 'CCU', 'Non-Refundable', 0),
('GHY-130', 'Guwahati', 'Chennai', 0, 8920, 'Economy', 12, '8:45', '13:25', 'IndiGo', 'GAU', 'MAA', 'Non-Refundable', 0),
('GHY-131', 'Guwahati', 'Chennai', 0, 8970, 'Economy', 6, '19:00', '22:10', 'IndiGo', 'GAU', 'MAA', 'Refundable', 0),
('GHY-132', 'Guwahati', 'Chennai', 0, 8970, 'Economy', 36, '8:45', '15:35', 'IndiGo', 'GAU', 'MAA', 'Refundable', 0),
('GHY-133', 'Guwahati', 'Chennai', 0, 10570, 'Economy', 8, '12:25', '19:00', 'IndiGo', 'GAU', 'MAA', 'Refundable', 0),
('GHY-134', 'Guwahati', 'Chennai', 0, 10691, 'Economy', 23, '18:50', '17:05', 'AirIndia', 'GAU', 'MAA', 'Non-Refundable', 0),
('GHY-135', 'Guwahati', 'Chennai', 0, 12277, 'Economy', 15, '18:50', '12:45', 'AirIndia', 'GAU', 'MAA', 'Refundable', 0),
('GHY-136', 'Guwahati', 'Chennai', 0, 13850, 'Economy', 16, '15:45', '23:35', 'Jet Airways', 'GAU', 'MAA', 'Non-Refundable', 0),
('GHY-137', 'Guwahati', 'Chennai', 0, 14262, 'Economy', 6, '8:55', '7:55', 'Jet Airways', 'GAU', 'MAA', 'Refundable', 0),
('GHY-138', 'Guwahati', 'Chennai', 0, 14680, 'Economy', 15, '15:45', '18:05', 'Jet Airways', 'GAU', 'MAA', 'Refundable', 0),
('GHY-139', 'Guwahati', 'Chennai', 0, 14850, 'Economy', 2, '8:55', '17:20', 'Jet Airways', 'GAU', 'MAA', 'Non-Refundable', 0),
('GHY-140', 'Guwahati', 'Chennai', 0, 65432, 'Business', 5, '15:35', '20:05', 'AirIndia', 'GAU', 'MAA', 'Non-Refundable', 0),
('GHY-141', 'Guwahati', 'Chennai', 0, 45000, 'Business', 10, '15:35', '12:40', 'AirIndia', 'GAU', 'MAA', 'Non-Refundable', 0),
('GHY-142', 'Guwahati', 'Chennai', 0, 34567, 'Business', 4, '11:45', '15:15', 'AirIndia', 'GAU', 'MAA', 'Non-Refundable', 0),
('GHY-143', 'Guwahati', 'Chennai', 0, 54321, 'Business', 3, '15:35', '23:35', 'AirIndia', 'GAU', 'MAA', 'Non-Refundable', 0),
('GHY-144', 'Guwahati', 'Chennai', 0, 45678, 'Business', 9, '11:45', '17:00', 'AirIndia', 'GAU', 'MAA', 'Non-Refundable', 0),
('GHY-145', 'Guwahati', 'Chennai', 0, 56432, 'Business', 2, '16:00', '9:35', 'Jet Airways', 'GAU', 'MAA', 'Non-Refundable', 0),
('GHY-146', 'Guwahati', 'Chennai', 0, 56740, 'Business', 6, '16:00', '11:25', 'Jet Airways', 'GAU', 'MAA', 'Non-Refundable', 0),
('GHY-147', 'Guwahati', 'Chennai', 0, 45900, 'Business', 10, '16:00', '13:50', 'Jet Airways', 'GAU', 'MAA', 'Non-Refundable', 0),
('GHY-148', 'Guwahati', 'Chennai', 0, 67543, 'Business', 3, '19:15', '23:40', 'Jet Airways', 'GAU', 'MAA', 'Non-Refundable', 0),
('GHY-149', 'Guwahati', 'Chennai', 0, 45678, 'Business', 7, '16:00', '0:35', 'Jet Airways', 'GAU', 'MAA', 'Non-Refundable', 0),
('GHY-150', 'Guwahati', 'Pune', 0, 8999, 'Economy', 8, '13:25', '19:55', 'IndiGo', 'GAU', 'PNQ', 'Non-Refundable', 4),
('GHY-151', 'Guwahati', 'Pune', 0, 7215, 'Economy', 6, '15:25', '23:00', 'IndiGo', 'GAU', 'PNQ', 'Refundable', 0),
('GHY-152', 'Guwahati', 'Pune', 0, 4651, 'Economy', 11, '19:15', '00:05', 'Jet Airways', 'GAU', 'PNQ', 'Refundable', 9),
('GHY-153', 'Guwahati', 'Pune', 0, 9844, 'Economy', 8, '13:20', '03:00', 'Vistara', 'GAU', 'PNQ', 'Refundable', 0),
('GHY-154', 'Guwahati', 'Pune', 0, 6715, 'Economy', 21, '17:10', '00:10', 'IndiGo', 'GAU', 'PNQ', 'Non-Refundable', 2),
('GHY-155', 'Guwahati', 'Pune', 0, 9999, 'Economy', 15, '16:10', '22:00', 'IndiGo', 'GAU', 'PNQ', 'Refundable', 0),
('GHY-156', 'Guwahati', 'Pune', 0, 7480, 'Economy', 10, '14:25', '22:00', 'IndiGo', 'GAU', 'PNQ', 'Non-Refundable', 6),
('GHY-157', 'Guwahati', 'Pune', 0, 8456, 'Economy', 6, '15:20', '22:00', 'GoAir', 'GAU', 'PNQ', 'Refundable', 0),
('GHY-158', 'Guwahati', 'Pune', 0, 6165, 'Economy', 9, '15:45', '18:05', 'Jet Airways', 'GAU', 'PNQ', 'Refundable', 6),
('GHY-159', 'Guwahati', 'Pune', 0, 8499, 'Economy', 2, '18:05', '11:15', 'AirIndia', 'GAU', 'PNQ', 'Non-Refundable', 0),
('GHY-160', 'Guwahati', 'Pune', 0, 17899, 'Business', 5, '2:00', '3:30', 'AirIndia', 'GAU', 'PNQ', 'Non-Refundable', 0),
('GHY-161', 'Guwahati', 'Pune', 0, 18987, 'Business', 10, '3:15', '5:00', 'AirIndia', 'GAU', 'PNQ', 'Non-Refundable', 0),
('GHY-162', 'Guwahati', 'Pune', 0, 6325, 'Business', 4, '4:10', '6:10', 'Vistara', 'GAU', 'PNQ', 'Non-Refundable', 0),
('GHY-163', 'Guwahati', 'Pune', 0, 29844, 'Business', 3, '5:25', '7:20', 'Vistara', 'GAU', 'PNQ', 'Non-Refundable', 0),
('GHY-164', 'Guwahati', 'Pune', 0, 10400, 'Business', 9, '15:30', '17:25', 'Jet Airways', 'GAU', 'PNQ', 'Non-Refundable', 0),
('GHY-165', 'Guwahati', 'Pune', 0, 39999, 'Business', 2, '18:45', '6:45', 'Jet Airways', 'GAU', 'PNQ', 'Non-Refundable', 0),
('GHY-166', 'Guwahati', 'Pune', 0, 37480, 'Business', 6, '12:25', '12:25', 'AirIndia', 'GAU', 'PNQ', 'Non-Refundable', 0),
('GHY-167', 'Guwahati', 'Pune', 0, 38456, 'Business', 10, '03:00', '7:00', 'AirIndia', 'GAU', 'PNQ', 'Non-Refundable', 0),
('GHY-168', 'Guwahati', 'Pune', 0, 36165, 'Business', 3, '22:00', '12:20', 'Jet Airways', 'GAU', 'PNQ', 'Non-Refundable', 0),
('GHY-169', 'Guwahati', 'Pune', 0, 125400, 'Business', 7, '6:45', '23:35', 'Jet Airways', 'GAU', 'PNQ', 'Non-Refundable', 0),
('GHY-181', 'Guwahati', 'Goa', 0, 8303, 'Economy', 12, '00:15', '8:00', 'IndiGo', 'GAU', 'GOI', 'Non-Refundable', 0),
('GHY-182', 'Guwahati', 'Goa', 0, 9979, 'Economy', 6, '2:15', '6:35', 'IndiGo', 'GAU', 'GOI', 'Refundable', 0),
('GHY-183', 'Guwahati', 'Goa', 0, 10029, 'Economy', 11, '11:45', '17:30', 'IndiGo', 'GAU', 'GOI', 'Refundable', 0),
('GHY-184', 'Guwahati', 'Goa', 0, 10029, 'Economy', 8, '17:55', '5:15', 'IndiGo', 'GAU', 'GOI', 'Refundable', 0),
('GHY-185', 'Guwahati', 'Goa', 0, 10198, 'Economy', 23, '19:45', '3:00', 'AirAsia', 'GAU', 'GOI', 'Non-Refundable', 0),
('GHY-186', 'Guwahati', 'Goa', 0, 11420, 'Economy', 15, '21:00', '6:00', 'AirAsia', 'GAU', 'GOI', 'Refundable', 0),
('GHY-187', 'Guwahati', 'Goa', 0, 12202, 'Economy', 16, '3:15', '9:25', 'AirIndia', 'GAU', 'GOI', 'Non-Refundable', 0),
('GHY-188', 'Guwahati', 'Goa', 0, 12000, 'Economy', 6, '4:15', '9:50', 'AirIndia', 'GAU', 'GOI', 'Refundable', 0),
('GHY-189', 'Guwahati', 'Goa', 0, 12496, 'Economy', 15, '6:25', '12:50', 'Jet Airways', 'GAU', 'GOI', 'Refundable', 0),
('GHY-190', 'Guwahati', 'Goa', 0, 13094, 'Economy', 2, '15:10', '22:10', 'Jet Airways', 'GAU', 'GOI', 'Non-Refundable', 0),
('GHY-191', 'Guwahati', 'Goa', 0, 50000, 'Business', 5, '2:00', '3:30', 'AirIndia', 'GAU', 'GOI', 'Non-Refundable', 0),
('GHY-192', 'Guwahati', 'Goa', 0, 50000, 'Business', 10, '3:15', '5:00', 'AirIndia', 'GAU', 'GOI', 'Non-Refundable', 0),
('GHY-193', 'Guwahati', 'Goa', 0, 50000, 'Business', 4, '4:10', '6:10', 'AirIndia', 'GAU', 'GOI', 'Non-Refundable', 0),
('GHY-194', 'Guwahati', 'Goa', 0, 50000, 'Business', 3, '5:25', '7:20', 'Vistara', 'GAU', 'GOI', 'Non-Refundable', 0),
('GHY-195', 'Guwahati', 'Goa', 0, 33333, 'Business', 9, '15:30', '17:25', 'Jet Airways', 'GAU', 'GOI', 'Non-Refundable', 0),
('GHY-196', 'Guwahati', 'Goa', 0, 33333, 'Business', 2, '18:45', '6:45', 'Jet Airways', 'GAU', 'GOI', 'Non-Refundable', 0),
('GHY-197', 'Guwahati', 'Goa', 0, 45000, 'Business', 6, '12:25', '12:25', 'Jet Airways', 'GAU', 'GOI', 'Non-Refundable', 0),
('GHY-198', 'Guwahati', 'Goa', 0, 24500, 'Business', 10, '03:00', '7:00', 'Jet Airways', 'GAU', 'GOI', 'Non-Refundable', 0),
('GHY-199', 'Guwahati', 'Goa', 0, 32633, 'Business', 3, '22:00', '12:20', 'Jet Airways', 'GAU', 'GOI', 'Non-Refundable', 0),
('GHY-200', 'Guwahati', 'Goa', 0, 29999, 'Business', 7, '6:45', '23:35', 'Jet Airways', 'GAU', 'GOI', 'Non-Refundable', 0),
('GOA-001', 'Goa', 'Ahmedabad', 0, 4500, 'Economy', 12, '18:55', '20:15', 'Spicejet', 'GOI', 'AMD', 'Non-Refundable', 0),
('GOA-002', 'Goa', 'Ahmedabad', 0, 4600, 'Economy', 6, '6:20', '7:50', 'Spicejet', 'GOI', 'AMD', 'Refundable', 0),
('GOA-003', 'Goa', 'Ahmedabad', 0, 3318, 'Economy', 6, '7:20', '14:15', 'Spicejet', 'GOI', 'AMD', 'Refundable', 0),
('GOA-004', 'Goa', 'Ahmedabad', 0, 3915, 'Economy', 8, '5:00', '6:30', 'AirIndia', 'GOI', 'AMD', 'Refundable', 0),
('GOA-005', 'Goa', 'Ahmedabad', 0, 3915, 'Economy', 23, '20:05', '21:40', 'AirIndia', 'GOI', 'AMD', 'Non-Refundable', 0),
('GOA-006', 'Goa', 'Ahmedabad', 0, 2700, 'Economy', 15, '16:30', '18:15', 'AirIndia', 'GOI', 'AMD', 'Refundable', 0),
('GOA-007', 'Goa', 'Ahmedabad', 0, 2000, 'Economy', 16, '17:00', '6:40', 'AirIndia', 'GOI', 'AMD', 'Non-Refundable', 0),
('GOA-008', 'Goa', 'Ahmedabad', 0, 2786, 'Economy', 6, '19:25', '20:50', 'Jet Airways', 'GOI', 'AMD', 'Refundable', 0),
('GOA-009', 'Goa', 'Ahmedabad', 0, 3786, 'Economy', 15, '13:20', '14:50', 'Jet Airways', 'GOI', 'AMD', 'Refundable', 0),
('GOA-010', 'Goa', 'Ahmedabad', 0, 7000, 'Economy', 2, '6:35', '8:10', 'Vistara', 'GOI', 'AMD', 'Non-Refundable', 0),
('GOA-011', 'Goa', 'Ahmedabad', 0, 12500, 'Business', 5, '5:00', '6:30', 'AirIndia', 'GOI', 'AMD', 'Non-Refundable', 0),
('GOA-012', 'Goa', 'Ahmedabad', 0, 12500, 'Business', 10, '20:05', '21:40', 'AirIndia', 'GOI', 'AMD', 'Non-Refundable', 0),
('GOA-013', 'Goa', 'Ahmedabad', 0, 24900, 'Business', 3, '7:00', '18:40', 'AirIndia', 'GOI', 'AMD', 'Non-Refundable', 0),
('GOA-014', 'Goa', 'Ahmedabad', 0, 12500, 'Business', 4, '16:30', '18:15', 'AirIndia', 'GOI', 'AMD', 'Non-Refundable', 0),
('GOA-015', 'Goa', 'Ahmedabad', 0, 24900, 'Business', 9, '8:00', '6:40', 'AirIndia', 'GOI', 'AMD', 'Non-Refundable', 0),
('GOA-016', 'Goa', 'Ahmedabad', 0, 16200, 'Business', 2, '6:35', '8:10', 'Vistara', 'GOI', 'AMD', 'Non-Refundable', 0),
('GOA-017', 'Goa', 'Ahmedabad', 0, 16200, 'Business', 6, '8:15', '10:00', 'Vistara', 'GOI', 'AMD', 'Non-Refundable', 0),
('GOA-018', 'Goa', 'Ahmedabad', 0, 16200, 'Business', 10, '18:20', '20:00', 'Vistara', 'GOI', 'AMD', 'Non-Refundable', 0),
('GOA-019', 'Goa', 'Ahmedabad', 0, 12621, 'Business', 3, '13:20', '14:50', 'Jet Airways', 'GOI', 'AMD', 'Non-Refundable', 0),
('GOA-020', 'Goa', 'Ahmedabad', 0, 12621, 'Business', 7, '23:10', '00:35', 'Jet Airways', 'GOI', 'AMD', 'Non-Refundable', 0),
('GOA-021', 'Goa', 'Bhopal', 0, 8500, 'Economy', 12, '18:55', '03:15', 'Spicejet', 'GOI', 'BHO', 'Non-Refundable', 0),
('GOA-022', 'Goa', 'Bhopal', 0, 7600, 'Economy', 6, '6:20', '13:50', 'Spicejet', 'GOI', 'BHO', 'Refundable', 0),
('GOA-023', 'Goa', 'Bhopal', 0, 9318, 'Economy', 6, '9:55', '16:15', 'Spicejet', 'GOI', 'BHO', 'Refundable', 0),
('GOA-024', 'Goa', 'Bhopal', 0, 8915, 'Economy', 8, '5:00', '12:30', 'AirIndia', 'GOI', 'BHO', 'Refundable', 0),
('GOA-025', 'Goa', 'Bhopal', 0, 8915, 'Economy', 23, '20:05', '05:40', 'AirIndia', 'GOI', 'BHO', 'Non-Refundable', 0),
('GOA-026', 'Goa', 'Bhopal', 0, 9700, 'Economy', 15, '19:30', '02:15', 'AirIndia', 'GOI', 'BHO', 'Refundable', 0),
('GOA-027', 'Goa', 'Bhopal', 0, 7000, 'Economy', 16, '17:00', '06:40', 'AirIndia', 'GOI', 'BHO', 'Non-Refundable', 0),
('GOA-028', 'Goa', 'Bhopal', 0, 9786, 'Economy', 6, '19:25', '09:50', 'Jet Airways', 'GOI', 'BHO', 'Refundable', 0),
('GOA-029', 'Goa', 'Bhopal', 0, 9786, 'Economy', 15, '06:20', '14:50', 'Jet Airways', 'GOI', 'BHO', 'Refundable', 0),
('GOA-030', 'Goa', 'Bhopal', 0, 9000, 'Economy', 2, '06:35', '15:10', 'Vistara', 'GOI', 'BHO', 'Non-Refundable', 0),
('GOA-031', 'Goa', 'Bhopal', 0, 12500, 'Business', 5, '5:00', '6:30', 'AirIndia', 'GOI', 'BHO', 'Non-Refundable', 0),
('GOA-032', 'Goa', 'Bhopal', 0, 12500, 'Business', 10, '20:05', '21:40', 'AirIndia', 'GOI', 'BHO', 'Non-Refundable', 0),
('GOA-033', 'Goa', 'Bhopal', 0, 12500, 'Business', 4, '16:30', '18:15', 'AirIndia', 'GOI', 'BHO', 'Non-Refundable', 0),
('GOA-034', 'Goa', 'Bhopal', 0, 24900, 'Business', 3, '7:00', '18:40', 'AirIndia', 'GOI', 'BHO', 'Non-Refundable', 0),
('GOA-035', 'Goa', 'Bhopal', 0, 24900, 'Business', 9, '8:00', '6:40', 'AirIndia', 'GOI', 'BHO', 'Non-Refundable', 0),
('GOA-036', 'Goa', 'Bhopal', 0, 16200, 'Business', 2, '6:35', '8:10', 'Vistara', 'GOI', 'BHO', 'Non-Refundable', 0),
('GOA-037', 'Goa', 'Bhopal', 0, 16200, 'Business', 6, '8:15', '10:00', 'Vistara', 'GOI', 'BHO', 'Non-Refundable', 0),
('GOA-038', 'Goa', 'Bhopal', 0, 16200, 'Business', 10, '18:20', '20:00', 'Vistara', 'GOI', 'BHO', 'Non-Refundable', 0),
('GOA-039', 'Goa', 'Bhopal', 0, 12621, 'Business', 3, '13:20', '14:50', 'Jet Airways', 'GOI', 'BHO', 'Non-Refundable', 0),
('GOA-040', 'Goa', 'Bhopal', 0, 12621, 'Business', 7, '23:10', '0:35', 'Jet Airways', 'GOI', 'BHO', 'Non-Refundable', 0),
('GOA-041', 'Goa', 'Bengaluru', 0, 5500, 'Economy', 12, '18:55', '20:15', 'Spicejet', 'GOI', 'BLR', 'Non-Refundable', 0),
('GOA-042', 'Goa', 'Bengaluru', 0, 4600, 'Economy', 6, '6:20', '7:50', 'Spicejet', 'GOI', 'BLR', 'Refundable', 0),
('GOA-043', 'Goa', 'Bengaluru', 0, 3318, 'Economy', 6, '7:20', '14:15', 'Spicejet', 'GOI', 'BLR', 'Refundable', 0),
('GOA-044', 'Goa', 'Bengaluru', 0, 3915, 'Economy', 8, '5:00', '6:30', 'AirIndia', 'GOI', 'BLR', 'Refundable', 0),
('GOA-045', 'Goa', 'Bengaluru', 0, 3915, 'Economy', 23, '20:05', '21:40', 'AirIndia', 'GOI', 'BLR', 'Non-Refundable', 0),
('GOA-046', 'Goa', 'Bengaluru', 0, 4700, 'Economy', 15, '16:30', '18:15', 'AirIndia', 'GOI', 'BLR', 'Refundable', 0),
('GOA-047', 'Goa', 'Bengaluru', 0, 7000, 'Economy', 16, '17:00', '6:40', 'AirIndia', 'GOI', 'BLR', 'Non-Refundable', 0),
('GOA-048', 'Goa', 'Bengaluru', 0, 4786, 'Economy', 6, '19:25', '20:50', 'Jet Airways', 'GOI', 'BLR', 'Refundable', 0),
('GOA-049', 'Goa', 'Bengaluru', 0, 5786, 'Economy', 15, '13:20', '14:50', 'Jet Airways', 'GOI', 'BLR', 'Refundable', 0),
('GOA-050', 'Goa', 'Bengaluru', 0, 9000, 'Economy', 2, '6:35', '8:10', 'Vistara', 'GOI', 'BLR', 'Non-Refundable', 0),
('GOA-051', 'Goa', 'Bengaluru', 0, 22500, 'Business', 10, '20:05', '21:40', 'AirIndia', 'GOI', 'BLR', 'Non-Refundable', 0),
('GOA-052', 'Goa', 'Bengaluru', 0, 22500, 'Business', 5, '5:00', '6:30', 'AirIndia', 'GOI', 'BLR', 'Non-Refundable', 0),
('GOA-053', 'Goa', 'Bengaluru', 0, 15000, 'Business', 3, '7:00', '18:40', 'AirIndia', 'GOI', 'BLR', 'Non-Refundable', 0),
('GOA-054', 'Goa', 'Bengaluru', 0, 30000, 'Business', 9, '8:00', '6:40', 'AirIndia', 'GOI', 'BLR', 'Non-Refundable', 0),
('GOA-055', 'Goa', 'Bengaluru', 0, 44000, 'Business', 2, '6:35', '8:10', 'Vistara', 'GOI', 'BLR', 'Non-Refundable', 0),
('GOA-056', 'Goa', 'Bengaluru', 0, 44200, 'Business', 6, '8:15', '10:00', 'Vistara', 'GOI', 'BLR', 'Non-Refundable', 0),
('GOA-057', 'Goa', 'Bengaluru', 0, 44200, 'Business', 10, '18:20', '20:00', 'Vistara', 'GOI', 'BLR', 'Non-Refundable', 0),
('GOA-058', 'Goa', 'Bengaluru', 0, 56621, 'Business', 3, '13:20', '14:50', 'Jet Airways', 'GOI', 'BLR', 'Non-Refundable', 0),
('GOA-059', 'Goa', 'Bengaluru', 0, 22500, 'Business', 4, '16:30', '18:15', 'AirIndia', 'GOI', 'BLR', 'Non-Refundable', 0),
('GOA-060', 'Goa', 'Bengaluru', 0, 62621, 'Business', 7, '23:10', '0:35', 'Jet Airways', 'GOI', 'BLR', 'Non-Refundable', 0),
('GOA-061', 'Goa', 'Mumbai', 0, 2500, 'Economy', 12, '18:55', '19:55', 'Spicejet', 'GOI', 'BOM', 'Non-Refundable', 0),
('GOA-062', 'Goa', 'Mumbai', 0, 2600, 'Economy', 6, '6:20', '7:50', 'Spicejet', 'GOI', 'BOM', 'Refundable', 0),
('GOA-063', 'Goa', 'Mumbai', 0, 2318, 'Economy', 6, '7:20', '8:15', 'Spicejet', 'GOI', 'BOM', 'Refundable', 0),
('GOA-064', 'Goa', 'Mumbai', 0, 3915, 'Economy', 8, '5:00', '6:30', 'AirIndia', 'GOI', 'BOM', 'Refundable', 0),
('GOA-065', 'Goa', 'Mumbai', 0, 3915, 'Economy', 23, '20:05', '21:15', 'AirIndia', 'GOI', 'BOM', 'Non-Refundable', 0),
('GOA-066', 'Goa', 'Mumbai', 0, 4700, 'Economy', 15, '16:30', '17:25', 'AirIndia', 'GOI', 'BOM', 'Refundable', 0),
('GOA-067', 'Goa', 'Mumbai', 0, 2000, 'Economy', 16, '17:00', '18:40', 'AirIndia', 'GOI', 'BOM', 'Non-Refundable', 0),
('GOA-068', 'Goa', 'Mumbai', 0, 4786, 'Economy', 6, '18:25', '20:55', 'Jet Airways', 'GOI', 'BOM', 'Refundable', 0),
('GOA-069', 'Goa', 'Mumbai', 0, 5786, 'Economy', 15, '13:20', '14:10', 'Jet Airways', 'GOI', 'BOM', 'Refundable', 0),
('GOA-070', 'Goa', 'Mumbai', 0, 2000, 'Economy', 2, '6:00', '7:00', 'Vistara', 'GOI', 'BOM', 'Non-Refundable', 0),
('GOA-071', 'Goa', 'Mumbai', 0, 22500, 'Business', 5, '5:00', '6:30', 'AirIndia', 'GOI', 'BOM', 'Non-Refundable', 0),
('GOA-072', 'Goa', 'Mumbai', 0, 22500, 'Business', 10, '20:05', '21:40', 'AirIndia', 'GOI', 'BOM', 'Non-Refundable', 0),
('GOA-073', 'Goa', 'Mumbai', 0, 22500, 'Business', 4, '16:30', '18:15', 'AirIndia', 'GOI', 'BOM', 'Non-Refundable', 0),
('GOA-074', 'Goa', 'Mumbai', 0, 24900, 'Business', 3, '7:00', '18:40', 'AirIndia', 'GOI', 'BOM', 'Non-Refundable', 0),
('GOA-075', 'Goa', 'Mumbai', 0, 24900, 'Business', 9, '8:00', '6:40', 'AirIndia', 'GOI', 'BOM', 'Non-Refundable', 0),
('GOA-076', 'Goa', 'Mumbai', 0, 36200, 'Business', 2, '6:35', '8:10', 'Vistara', 'GOI', 'BOM', 'Non-Refundable', 0),
('GOA-077', 'Goa', 'Mumbai', 0, 36200, 'Business', 6, '8:15', '10:00', 'Vistara', 'GOI', 'BOM', 'Non-Refundable', 0),
('GOA-078', 'Goa', 'Mumbai', 0, 36200, 'Business', 10, '18:20', '20:00', 'Vistara', 'GOI', 'BOM', 'Non-Refundable', 0),
('GOA-079', 'Goa', 'Mumbai', 0, 32621, 'Business', 3, '13:20', '14:50', 'Jet Airways', 'GOI', 'BOM', 'Non-Refundable', 0),
('GOA-080', 'Goa', 'Mumbai', 0, 32621, 'Business', 7, '23:10', '0:35', 'Jet Airways', 'GOI', 'BOM', 'Non-Refundable', 0),
('GOA-081', 'Goa', 'New Delhi', 0, 5500, 'Economy', 12, '18:55', '20:15', 'Spicejet', 'GOI', 'DEL', 'Non-Refundable', 0),
('GOA-082', 'Goa', 'New Delhi', 0, 4600, 'Economy', 6, '6:20', '7:50', 'Spicejet', 'GOI', 'DEL', 'Refundable', 0),
('GOA-083', 'Goa', 'New Delhi', 0, 3318, 'Economy', 6, '7:20', '14:15', 'Spicejet', 'GOI', 'DEL', 'Refundable', 0),
('GOA-084', 'Goa', 'New Delhi', 0, 3915, 'Economy', 8, '5:00', '6:30', 'AirIndia', 'GOI', 'DEL', 'Refundable', 0),
('GOA-085', 'Goa', 'New Delhi', 0, 3915, 'Economy', 23, '20:05', '21:40', 'AirIndia', 'GOI', 'DEL', 'Non-Refundable', 0),
('GOA-086', 'Goa', 'New Delhi', 0, 4700, 'Economy', 15, '16:30', '18:15', 'AirIndia', 'GOI', 'DEL', 'Refundable', 0),
('GOA-087', 'Goa', 'New Delhi', 0, 7000, 'Economy', 16, '17:00', '6:40', 'AirIndia', 'GOI', 'DEL', 'Non-Refundable', 0),
('GOA-088', 'Goa', 'New Delhi', 0, 4786, 'Economy', 6, '19:25', '20:50', 'Jet Airways', 'GOI', 'DEL', 'Refundable', 0),
('GOA-089', 'Goa', 'New Delhi', 0, 5786, 'Economy', 15, '13:20', '14:50', 'Jet Airways', 'GOI', 'DEL', 'Refundable', 0),
('GOA-090', 'Goa', 'New Delhi', 0, 9000, 'Economy', 2, '6:35', '8:10', 'Vistara', 'GOI', 'DEL', 'Non-Refundable', 0),
('GOA-091', 'Goa', 'New Delhi', 0, 22500, 'Business', 5, '5:00', '6:30', 'AirIndia', 'GOI', 'DEL', 'Non-Refundable', 0),
('GOA-092', 'Goa', 'New Delhi', 0, 22500, 'Business', 10, '20:05', '21:40', 'AirIndia', 'GOI', 'DEL', 'Non-Refundable', 0),
('GOA-093', 'Goa', 'New Delhi', 0, 22500, 'Business', 4, '16:30', '18:15', 'AirIndia', 'GOI', 'DEL', 'Non-Refundable', 0),
('GOA-094', 'Goa', 'New Delhi', 0, 24900, 'Business', 3, '7:00', '18:40', 'AirIndia', 'GOI', 'DEL', 'Non-Refundable', 0),
('GOA-095', 'Goa', 'New Delhi', 0, 24900, 'Business', 9, '8:00', '6:40', 'AirIndia', 'GOI', 'DEL', 'Non-Refundable', 0),
('GOA-096', 'Goa', 'New Delhi', 0, 36200, 'Business', 2, '6:35', '8:10', 'Vistara', 'GOI', 'DEL', 'Non-Refundable', 0),
('GOA-097', 'Goa', 'New Delhi', 0, 36200, 'Business', 6, '8:15', '10:00', 'Vistara', 'GOI', 'DEL', 'Non-Refundable', 0),
('GOA-098', 'Goa', 'New Delhi', 0, 36200, 'Business', 10, '18:20', '20:00', 'Vistara', 'GOI', 'DEL', 'Non-Refundable', 0),
('GOA-099', 'Goa', 'New Delhi', 0, 32621, 'Business', 3, '13:20', '14:50', 'Jet Airways', 'GOI', 'DEL', 'Non-Refundable', 0),
('GOA-100', 'Goa', 'New Delhi', 0, 32621, 'Business', 7, '23:10', '00:35', 'Jet Airways', 'GOI', 'DEL', 'Non-Refundable', 0),
('GOA-201', 'Goa', 'Guwahati', 0, 8500, 'Economy', 12, '18:55', '03:15', 'Spicejet', 'GOI', 'GAU', 'Non-Refundable', 0),
('GOA-202', 'Goa', 'Guwahati', 0, 7600, 'Economy', 6, '6:20', '13:50', 'Spicejet', 'GOI', 'GAU', 'Refundable', 0),
('GOA-203', 'Goa', 'Guwahati', 0, 9318, 'Economy', 6, '9:55', '16:15', 'Spicejet', 'GOI', 'GAU', 'Refundable', 0),
('GOA-204', 'Goa', 'Guwahati', 0, 8915, 'Economy', 8, '5:00', '12:30', 'AirIndia', 'GOI', 'GAU', 'Refundable', 0),
('GOA-205', 'Goa', 'Guwahati', 0, 8915, 'Economy', 23, '20:05', '05:40', 'AirIndia', 'GOI', 'GAU', 'Non-Refundable', 0),
('GOA-206', 'Goa', 'Guwahati', 0, 9700, 'Economy', 15, '19:30', '02:15', 'AirIndia', 'GOI', 'GAU', 'Refundable', 0),
('GOA-207', 'Goa', 'Guwahati', 0, 7000, 'Economy', 16, '17:00', '06:40', 'AirIndia', 'GOI', 'GAU', 'Non-Refundable', 0),
('GOA-208', 'Goa', 'Guwahati', 0, 9786, 'Economy', 6, '19:25', '09:50', 'Jet Airways', 'GOI', 'GAU', 'Refundable', 0),
('GOA-209', 'Goa', 'Guwahati', 0, 9000, 'Economy', 2, '06:35', '15:10', 'Vistara', 'GOI', 'GAU', 'Non-Refundable', 0),
('GOA-210', 'Goa', 'Guwahati', 0, 12500, 'Business', 5, '5:00', '6:30', 'AirIndia', 'GOI', 'GAU', 'Non-Refundable', 0),
('GOA-211', 'Goa', 'Guwahati', 0, 12500, 'Business', 10, '20:05', '21:40', 'AirIndia', 'GOI', 'GAU', 'Non-Refundable', 0),
('GOA-212', 'Goa', 'Guwahati', 0, 12500, 'Business', 4, '16:30', '18:15', 'AirIndia', 'GOI', 'GAU', 'Non-Refundable', 0),
('GOA-213', 'Goa', 'Guwahati', 0, 24900, 'Business', 3, '7:00', '18:40', 'AirIndia', 'GOI', 'GAU', 'Non-Refundable', 0),
('GOA-214', 'Goa', 'Guwahati', 0, 24900, 'Business', 9, '8:00', '6:40', 'AirIndia', 'GOI', 'GAU', 'Non-Refundable', 0),
('GOA-215', 'Goa', 'Guwahati', 0, 16200, 'Business', 2, '6:35', '8:10', 'Vistara', 'GOI', 'GAU', 'Non-Refundable', 0),
('GOA-216', 'Goa', 'Guwahati', 0, 16200, 'Business', 6, '8:15', '10:00', 'Vistara', 'GOI', 'GAU', 'Non-Refundable', 0),
('GOA-217', 'Goa', 'Guwahati', 0, 16200, 'Business', 10, '18:20', '20:00', 'Vistara', 'GOI', 'GAU', 'Non-Refundable', 0),
('GOA-218', 'Goa', 'Guwahati', 0, 12621, 'Business', 3, '13:20', '14:50', 'Jet Airways', 'GOI', 'GAU', 'Non-Refundable', 0),
('GOA-219', 'Goa', 'Guwahati', 0, 12621, 'Business', 7, '23:10', '0:35', 'Jet Airways', 'GOI', 'GAU', 'Non-Refundable', 0),
('GOA-220', 'Goa', 'Kolkata', 0, 5500, 'Economy', 12, '18:55', '20:15', 'Spicejet', 'GOI', 'CCU', 'Non-Refundable', 0),
('GOA-221', 'Goa', 'Kolkata', 0, 4600, 'Economy', 6, '6:20', '7:50', 'Spicejet', 'GOI', 'CCU', 'Refundable', 0),
('GOA-222', 'Goa', 'Kolkata', 0, 9000, 'Economy', 2, '6:35', '8:10', 'Vistara', 'GOI', 'CCU', 'Non-Refundable', 0),
('GOA-223', 'Goa', 'Kolkata', 0, 3318, 'Economy', 6, '7:20', '14:15', 'Spicejet', 'GOI', 'CCU', 'Refundable', 0),
('GOA-224', 'Goa', 'Kolkata', 0, 3915, 'Economy', 8, '5:00', '6:30', 'AirIndia', 'GOI', 'CCU', 'Refundable', 0),
('GOA-225', 'Goa', 'Kolkata', 0, 3915, 'Economy', 23, '20:05', '21:40', 'AirIndia', 'GOI', 'CCU', 'Non-Refundable', 0),
('GOA-226', 'Goa', 'Kolkata', 0, 4700, 'Economy', 15, '16:30', '18:15', 'AirIndia', 'GOI', 'CCU', 'Refundable', 0),
('GOA-227', 'Goa', 'Kolkata', 0, 7000, 'Economy', 16, '17:00', '6:40', 'AirIndia', 'GOI', 'CCU', 'Non-Refundable', 0),
('GOA-228', 'Goa', 'Kolkata', 0, 4786, 'Economy', 6, '19:25', '20:50', 'Jet Airways', 'GOI', 'CCU', 'Refundable', 0),
('GOA-229', 'Goa', 'Kolkata', 0, 5786, 'Economy', 15, '13:20', '14:50', 'Jet Airways', 'GOI', 'CCU', 'Refundable', 0),
('GOA-230', 'Goa', 'Kolkata', 0, 22500, 'Business', 5, '5:00', '6:30', 'AirIndia', 'GOI', 'CCU', 'Non-Refundable', 0),
('GOA-231', 'Goa', 'Kolkata', 0, 22500, 'Business', 10, '20:05', '21:40', 'AirIndia', 'GOI', 'CCU', 'Non-Refundable', 0),
('GOA-232', 'Goa', 'Kolkata', 0, 24900, 'Business', 3, '7:00', '18:40', 'AirIndia', 'GOI', 'CCU', 'Non-Refundable', 0),
('GOA-233', 'Goa', 'Kolkata', 0, 24900, 'Business', 9, '8:00', '6:40', 'AirIndia', 'GOI', 'CCU', 'Non-Refundable', 0),
('GOA-234', 'Goa', 'Kolkata', 0, 32621, 'Business', 7, '23:10', '0:35', 'Jet Airways', 'GOI', 'CCU', 'Non-Refundable', 0),
('GOA-235', 'Goa', 'Kolkata', 0, 36200, 'Business', 2, '6:35', '8:10', 'Vistara', 'GOI', 'CCU', 'Non-Refundable', 0),
('GOA-236', 'Goa', 'Kolkata', 0, 36200, 'Business', 6, '8:15', '10:00', 'Vistara', 'GOI', 'CCU', 'Non-Refundable', 0),
('GOA-237', 'Goa', 'Kolkata', 0, 36200, 'Business', 10, '18:20', '20:00', 'Vistara', 'GOI', 'CCU', 'Non-Refundable', 0),
('GOA-238', 'Goa', 'Kolkata', 0, 32621, 'Business', 3, '13:20', '14:50', 'Jet Airways', 'GOI', 'CCU', 'Non-Refundable', 0),
('GOA-239', 'Goa', 'Chennai', 0, 2500, 'Economy', 12, '18:55', '20:15', 'Spicejet', 'GOI', 'MAA', 'Non-Refundable', 0),
('GOA-240', 'Goa', 'Chennai', 0, 2600, 'Economy', 6, '6:20', '7:50', 'Spicejet', 'GOI', 'MAA', 'Refundable', 0),
('GOA-241', 'Goa', 'Chennai', 0, 3318, 'Economy', 6, '7:20', '14:15', 'Spicejet', 'GOI', 'MAA', 'Refundable', 0),
('GOA-242', 'Goa', 'Chennai', 0, 3915, 'Economy', 8, '5:00', '6:30', 'AirIndia', 'GOI', 'MAA', 'Refundable', 0),
('GOA-243', 'Goa', 'Chennai', 0, 3915, 'Economy', 23, '20:05', '21:40', 'AirIndia', 'GOI', 'MAA', 'Non-Refundable', 0),
('GOA-244', 'Goa', 'Chennai', 0, 4700, 'Economy', 15, '16:30', '18:15', 'AirIndia', 'GOI', 'MAA', 'Refundable', 0),
('GOA-245', 'Goa', 'Chennai', 0, 2000, 'Economy', 16, '17:00', '6:40', 'AirIndia', 'GOI', 'MAA', 'Non-Refundable', 0),
('GOA-246', 'Goa', 'Chennai', 0, 4627, 'Economy', 6, '19:25', '20:50', 'Jet Airways', 'GOI', 'MAA', 'Refundable', 0),
('GOA-247', 'Goa', 'Chennai', 0, 5025, 'Economy', 15, '13:20', '14:50', 'Jet Airways', 'GOI', 'MAA', 'Refundable', 0),
('GOA-248', 'Goa', 'Chennai', 0, 3200, 'Economy', 2, '6:35', '8:10', 'Vistara', 'GOI', 'MAA', 'Non-Refundable', 0),
('GOA-249', 'Goa', 'Chennai', 0, 12500, 'Business', 5, '5:00', '6:30', 'AirIndia', 'GOI', 'MAA', 'Non-Refundable', 0),
('GOA-250', 'Goa', 'Chennai', 0, 12500, 'Business', 10, '20:05', '21:40', 'AirIndia', 'GOI', 'MAA', 'Non-Refundable', 0),
('GOA-251', 'Goa', 'Chennai', 0, 12500, 'Business', 4, '16:30', '18:15', 'AirIndia', 'GOI', 'MAA', 'Non-Refundable', 0),
('GOA-252', 'Goa', 'Chennai', 0, 14900, 'Business', 3, '7:00', '18:40', 'AirIndia', 'GOI', 'MAA', 'Non-Refundable', 0),
('GOA-253', 'Goa', 'Chennai', 0, 14900, 'Business', 9, '8:00', '6:40', 'AirIndia', 'GOI', 'MAA', 'Non-Refundable', 0),
('GOA-254', 'Goa', 'Chennai', 0, 16200, 'Business', 2, '6:35', '8:10', 'Vistara', 'GOI', 'MAA', 'Non-Refundable', 0),
('GOA-255', 'Goa', 'Chennai', 0, 16200, 'Business', 6, '8:15', '10:00', 'Vistara', 'GOI', 'MAA', 'Non-Refundable', 0),
('GOA-256', 'Goa', 'Chennai', 0, 16200, 'Business', 10, '18:20', '20:00', 'Vistara', 'GOI', 'MAA', 'Non-Refundable', 0),
('GOA-257', 'Goa', 'Chennai', 0, 12621, 'Business', 3, '13:20', '14:50', 'Jet Airways', 'GOI', 'MAA', 'Non-Refundable', 0),
('GOA-258', 'Goa', 'Chennai', 0, 12621, 'Business', 7, '23:10', '00:35', 'Jet Airways', 'GOI', 'MAA', 'Non-Refundable', 0),
('GOA-260', 'Goa', 'Pune', 0, 5500, 'Economy', 12, '18:55', '03:15', 'Spicejet', 'GOI', 'PNQ', 'Non-Refundable', 0),
('GOA-261', 'Goa', 'Pune', 0, 5600, 'Economy', 6, '6:20', '13:50', 'Spicejet', 'GOI', 'PNQ', 'Refundable', 0),
('GOA-262', 'Goa', 'Pune', 0, 5318, 'Economy', 6, '9:55', '16:15', 'Spicejet', 'GOI', 'PNQ', 'Refundable', 0),
('GOA-263', 'Goa', 'Pune', 0, 8915, 'Economy', 8, '5:00', '12:30', 'AirIndia', 'GOI', 'PNQ', 'Refundable', 0),
('GOA-264', 'Goa', 'Pune', 0, 8915, 'Economy', 23, '20:05', '05:40', 'AirIndia', 'GOI', 'PNQ', 'Non-Refundable', 0),
('GOA-265', 'Goa', 'Pune', 0, 5700, 'Economy', 15, '19:30', '02:15', 'AirIndia', 'GOI', 'PNQ', 'Refundable', 0),
('GOA-266', 'Goa', 'Pune', 0, 5000, 'Economy', 16, '17:00', '06:40', 'AirIndia', 'GOI', 'PNQ', 'Non-Refundable', 0),
('GOA-267', 'Goa', 'Pune', 0, 6786, 'Economy', 6, '19:25', '09:50', 'Jet Airways', 'GOI', 'PNQ', 'Refundable', 0),
('GOA-268', 'Goa', 'Pune', 0, 7000, 'Economy', 15, '06:20', '14:50', 'Jet Airways', 'GOI', 'PNQ', 'Refundable', 0),
('GOA-269', 'Goa', 'Pune', 0, 6500, 'Economy', 2, '06:35', '15:10', 'Vistara', 'GOI', 'PNQ', 'Non-Refundable', 0),
('GOA-270', 'Goa', 'Pune', 0, 12500, 'Business', 5, '5:00', '6:30', 'AirIndia', 'GOI', 'PNQ', 'Non-Refundable', 0),
('GOA-271', 'Goa', 'Pune', 0, 12500, 'Business', 10, '20:05', '21:40', 'AirIndia', 'GOI', 'PNQ', 'Non-Refundable', 0),
('GOA-272', 'Goa', 'Pune', 0, 12500, 'Business', 4, '16:30', '18:15', 'AirIndia', 'GOI', 'PNQ', 'Non-Refundable', 0),
('GOA-273', 'Goa', 'Pune', 0, 24900, 'Business', 3, '7:00', '18:40', 'AirIndia', 'GOI', 'PNQ', 'Non-Refundable', 0),
('GOA-274', 'Goa', 'Pune', 0, 24900, 'Business', 9, '8:00', '6:40', 'AirIndia', 'GOI', 'PNQ', 'Non-Refundable', 0),
('GOA-275', 'Goa', 'Pune', 0, 16200, 'Business', 2, '6:35', '8:10', 'Vistara', 'GOI', 'PNQ', 'Non-Refundable', 0),
('GOA-276', 'Goa', 'Pune', 0, 16200, 'Business', 6, '8:15', '10:00', 'Vistara', 'GOI', 'PNQ', 'Non-Refundable', 0),
('GOA-277', 'Goa', 'Pune', 0, 12621, 'Business', 7, '23:10', '0:35', 'Jet Airways', 'GOI', 'PNQ', 'Non-Refundable', 0),
('GOA-278', 'Goa', 'Pune', 0, 16200, 'Business', 10, '18:20', '20:00', 'Vistara', 'GOI', 'PNQ', 'Non-Refundable', 0),
('GOA-279', 'Goa', 'Pune', 0, 12621, 'Business', 3, '13:20', '14:50', 'Jet Airways', 'GOI', 'PNQ', 'Non-Refundable', 0),
('JAI-001', 'Jaipur', 'Ahmedabad', 0, 4500, 'Economy', 12, '8:10', '9:30', 'IndiGo', 'JAI', 'AMD', 'Non-Refundable', 0),
('JAI-002', 'Jaipur', 'Ahmedabad', 0, 4600, 'Economy', 6, '13:55', '18:40', 'AirIndia', 'JAI', 'AMD', 'Refundable', 0),
('JAI-003', 'Jaipur', 'Ahmedabad', 0, 3318, 'Economy', 6, '13:55', '6:40', 'AirIndia', 'JAI', 'AMD', 'Refundable', 0),
('JAI-004', 'Jaipur', 'Ahmedabad', 0, 6915, 'Economy', 8, '13:55', '2:25', 'AirIndia', 'JAI', 'AMD', 'Refundable', 0),
('JAI-005', 'Jaipur', 'Ahmedabad', 0, 8915, 'Economy', 23, '21:00', '21:40', 'AirIndia', 'JAI', 'AMD', 'Non-Refundable', 0),
('JAI-006', 'Jaipur', 'Ahmedabad', 0, 7700, 'Economy', 15, '21:00', '6:30', 'AirIndia', 'JAI', 'AMD', 'Refundable', 0),
('JAI-007', 'Jaipur', 'Ahmedabad', 0, 7000, 'Economy', 16, '3:45', '20:50', 'Jet Airways', 'JAI', 'AMD', 'Non-Refundable', 0),
('JAI-008', 'Jaipur', 'Ahmedabad', 0, 8786, 'Economy', 6, '16:40', '22:25', 'Jet Airways', 'JAI', 'AMD', 'Refundable', 0),
('JAI-009', 'Jaipur', 'Ahmedabad', 0, 8886, 'Economy', 15, '16:40', '03:50', 'Jet Airways', 'JAI', 'AMD', 'Refundable', 0),
('JAI-010', 'Jaipur', 'Ahmedabad', 0, 4400, 'Economy', 2, '16:40', '6:35', 'Jet Airways', 'JAI', 'AMD', 'Non-Refundable', 0),
('JAI-011', 'Jaipur', 'Ahmedabad', 0, 12500, 'Business', 5, '5:00', '6:30', 'AirIndia', 'JAI', 'AMD', 'Non-Refundable', 0),
('JAI-012', 'Jaipur', 'Ahmedabad', 0, 12500, 'Business', 10, '20:05', '21:40', 'AirIndia', 'JAI', 'AMD', 'Non-Refundable', 0),
('JAI-013', 'Jaipur', 'Ahmedabad', 0, 12500, 'Business', 4, '16:30', '18:15', 'AirIndia', 'JAI', 'AMD', 'Non-Refundable', 0),
('JAI-014', 'Jaipur', 'Ahmedabad', 0, 24900, 'Business', 3, '7:00', '18:40', 'AirIndia', 'JAI', 'AMD', 'Non-Refundable', 0),
('JAI-015', 'Jaipur', 'Ahmedabad', 0, 24900, 'Business', 9, '8:00', '6:40', 'AirIndia', 'JAI', 'AMD', 'Non-Refundable', 0),
('JAI-016', 'Jaipur', 'Ahmedabad', 0, 16200, 'Business', 2, '6:35', '8:10', 'AirIndia', 'JAI', 'AMD', 'Non-Refundable', 0),
('JAI-017', 'Jaipur', 'Ahmedabad', 0, 16200, 'Business', 6, '8:15', '10:00', 'Jet Airways', 'JAI', 'AMD', 'Non-Refundable', 0),
('JAI-018', 'Jaipur', 'Ahmedabad', 0, 16200, 'Business', 10, '18:20', '20:00', 'Jet Airways', 'JAI', 'AMD', 'Non-Refundable', 0),
('JAI-019', 'Jaipur', 'Ahmedabad', 0, 12621, 'Business', 3, '13:20', '14:50', 'Jet Airways', 'JAI', 'AMD', 'Non-Refundable', 0),
('JAI-020', 'Jaipur', 'Ahmedabad', 0, 12621, 'Business', 7, '23:10', '00:35', 'Jet Airways', 'JAI', 'AMD', 'Non-Refundable', 0),
('JAI-021', 'Jaipur', 'Bhopal', 0, 8500, 'Economy', 12, '18:55', '03:15', 'Spicejet', 'JAI', 'BHO', 'Non-Refundable', 0),
('JAI-022', 'Jaipur', 'Bhopal', 0, 7000, 'Economy', 16, '17:00', '06:40', 'AirIndia', 'JAI', 'BHO', 'Non-Refundable', 0),
('JAI-023', 'Jaipur', 'Bhopal', 0, 7600, 'Economy', 6, '6:20', '13:50', 'Spicejet', 'JAI', 'BHO', 'Refundable', 0),
('JAI-024', 'Jaipur', 'Bhopal', 0, 9318, 'Economy', 6, '9:55', '16:15', 'Spicejet', 'JAI', 'BHO', 'Refundable', 0),
('JAI-025', 'Jaipur', 'Bhopal', 0, 8915, 'Economy', 8, '5:00', '12:30', 'AirIndia', 'JAI', 'BHO', 'Refundable', 0),
('JAI-026', 'Jaipur', 'Bhopal', 0, 8915, 'Economy', 23, '20:05', '05:40', 'AirIndia', 'JAI', 'BHO', 'Non-Refundable', 0),
('JAI-027', 'Jaipur', 'Bhopal', 0, 9700, 'Economy', 15, '19:30', '02:15', 'AirIndia', 'JAI', 'BHO', 'Refundable', 0),
('JAI-028', 'Jaipur', 'Bhopal', 0, 9786, 'Economy', 6, '19:25', '09:50', 'Jet Airways', 'JAI', 'BHO', 'Refundable', 0),
('JAI-029', 'Jaipur', 'Bhopal', 0, 9786, 'Economy', 15, '06:20', '14:50', 'Jet Airways', 'JAI', 'BHO', 'Refundable', 0),
('JAI-030', 'Jaipur', 'Bhopal', 0, 9000, 'Economy', 2, '06:35', '15:10', 'Vistara', 'JAI', 'BHO', 'Non-Refundable', 0),
('JAI-032', 'Jaipur', 'Bhopal', 0, 22400, 'Business', 10, '20:05', '21:40', 'AirIndia', 'JAI', 'BHO', 'Non-Refundable', 0),
('JAI-033', 'Jaipur', 'Bhopal', 0, 12500, 'Business', 4, '16:30', '18:15', 'AirIndia', 'JAI', 'BHO', 'Non-Refundable', 0),
('JAI-034', 'Jaipur', 'Bhopal', 0, 24900, 'Business', 3, '7:00', '18:40', 'AirIndia', 'JAI', 'BHO', 'Non-Refundable', 0),
('JAI-035', 'Jaipur', 'Bhopal', 0, 24900, 'Business', 9, '8:00', '6:40', 'AirIndia', 'JAI', 'BHO', 'Non-Refundable', 0),
('JAI-036', 'Jaipur', 'Bhopal', 0, 13999, 'Business', 2, '6:35', '8:10', 'Vistara', 'JAI', 'BHO', 'Non-Refundable', 0),
('JAI-037', 'Jaipur', 'Bhopal', 0, 16200, 'Business', 6, '8:15', '10:00', 'Vistara', 'JAI', 'BHO', 'Non-Refundable', 0),
('JAI-038', 'Jaipur', 'Bhopal', 0, 17399, 'Business', 10, '18:20', '20:00', 'Vistara', 'JAI', 'BHO', 'Non-Refundable', 0),
('JAI-039', 'Jaipur', 'Bhopal', 0, 12750, 'Business', 3, '13:20', '14:50', 'Jet Airways', 'JAI', 'BHO', 'Non-Refundable', 0),
('JAI-040', 'Jaipur', 'Bhopal', 0, 12626, 'Business', 7, '23:10', '0:35', 'Jet Airways', 'JAI', 'BHO', 'Non-Refundable', 0),
('JAI-041', 'Jaipur', 'Bengaluru', 0, 8500, 'Economy', 12, '18:55', '03:15', 'Spicejet', 'JAI', 'BLR', 'Non-Refundable', 0),
('JAI-042', 'Jaipur', 'Bengaluru', 0, 7600, 'Economy', 6, '6:20', '13:50', 'Spicejet', 'JAI', 'BLR', 'Refundable', 0),
('JAI-043', 'Jaipur', 'Bengaluru', 0, 9318, 'Economy', 6, '9:55', '16:15', 'Spicejet', 'JAI', 'BLR', 'Refundable', 0),
('JAI-044', 'Jaipur', 'Bengaluru', 0, 8915, 'Economy', 8, '5:00', '12:30', 'AirIndia', 'JAI', 'BLR', 'Refundable', 0),
('JAI-045', 'Jaipur', 'Bengaluru', 0, 8915, 'Economy', 23, '20:05', '05:40', 'AirIndia', 'JAI', 'BLR', 'Non-Refundable', 0),
('JAI-046', 'Jaipur', 'Bengaluru', 0, 8700, 'Economy', 15, '19:30', '02:15', 'AirIndia', 'JAI', 'BLR', 'Refundable', 0),
('JAI-047', 'Jaipur', 'Bengaluru', 0, 8996, 'Economy', 6, '19:25', '09:50', 'Jet Airways', 'JAI', 'BLR', 'Refundable', 0),
('JAI-048', 'Jaipur', 'Bengaluru', 0, 8000, 'Economy', 16, '17:00', '06:40', 'AirIndia', 'JAI', 'BLR', 'Non-Refundable', 0),
('JAI-049', 'Jaipur', 'Bengaluru', 0, 8996, 'Economy', 15, '06:20', '14:50', 'Jet Airways', 'JAI', 'BLR', 'Refundable', 0),
('JAI-050', 'Jaipur', 'Bengaluru', 0, 13650, 'Economy', 2, '06:35', '15:10', 'Vistara', 'JAI', 'BLR', 'Non-Refundable', 0),
('JAI-051', 'Jaipur', 'Bengaluru', 0, 32500, 'Business', 5, '5:00', '6:30', 'AirIndia', 'JAI', 'BLR', 'Non-Refundable', 0),
('JAI-052', 'Jaipur', 'Bengaluru', 0, 32500, 'Business', 10, '20:05', '21:40', 'AirIndia', 'JAI', 'BLR', 'Non-Refundable', 0),
('JAI-053', 'Jaipur', 'Bengaluru', 0, 12500, 'Business', 4, '16:30', '18:15', 'AirIndia', 'JAI', 'BLR', 'Non-Refundable', 0),
('JAI-054', 'Jaipur', 'Bengaluru', 0, 54900, 'Business', 3, '7:00', '18:40', 'AirIndia', 'JAI', 'BLR', 'Non-Refundable', 0),
('JAI-055', 'Jaipur', 'Bengaluru', 0, 34900, 'Business', 9, '8:00', '6:40', 'AirIndia', 'JAI', 'BLR', 'Non-Refundable', 0),
('JAI-056', 'Jaipur', 'Bengaluru', 0, 16200, 'Business', 2, '6:35', '8:10', 'Vistara', 'JAI', 'BLR', 'Non-Refundable', 0),
('JAI-057', 'Jaipur', 'Bengaluru', 0, 16200, 'Business', 6, '8:15', '10:00', 'Vistara', 'JAI', 'BLR', 'Non-Refundable', 0),
('JAI-058', 'Jaipur', 'Bengaluru', 0, 46200, 'Business', 10, '18:20', '20:00', 'Vistara', 'JAI', 'BLR', 'Non-Refundable', 0),
('JAI-059', 'Jaipur', 'Bengaluru', 0, 12620, 'Business', 3, '13:20', '14:50', 'Jet Airways', 'JAI', 'BLR', 'Non-Refundable', 0),
('JAI-060', 'Jaipur', 'Bengaluru', 0, 22696, 'Business', 7, '23:10', '0:35', 'Jet Airways', 'JAI', 'BLR', 'Non-Refundable', 0),
('JAI-061', 'Jaipur', 'Kolkata', 0, 8500, 'Economy', 12, '6:00', '12:05', 'IndiGo', 'JAI', 'KOL', 'Non-Refundable', 0),
('JAI-062', 'Jaipur', 'Kolkata', 0, 7600, 'Economy', 6, '11:20', '17:30', 'IndiGo', 'JAI', 'KOL', 'Refundable', 0),
('JAI-063', 'Jaipur', 'Kolkata', 0, 9318, 'Economy', 6, '20:45', '23:05', 'IndiGo', 'KOL', 'GAU', '', 0),
('JAI-064', 'Jaipur', 'Kolkata', 0, 8915, 'Economy', 8, '21:55', '00:05', 'IndiGo', 'JAI', 'KOL', 'Refundable', 0),
('JAI-065', 'Jaipur', 'Kolkata', 0, 8915, 'Economy', 23, '22:35', '00:55', 'AirAsia', 'JAI', 'KOL', 'Non-Refundable', 0),
('JAI-066', 'Jaipur', 'Kolkata', 0, 9700, 'Economy', 15, '19:15', '21:40', 'GoAir', 'JAI', 'KOL', 'Refundable', 0),
('JAI-067', 'Jaipur', 'Kolkata', 0, 7000, 'Economy', 16, '05:30', '16:55', 'Spicejet', 'JAI', 'KOL', 'Non-Refundable', 0),
('JAI-068', 'Jaipur', 'Kolkata', 0, 9786, 'Economy', 6, '11:10', '20:30', 'Spicejet', 'JAI', 'KOL', 'Refundable', 0),
('JAI-069', 'Jaipur', 'Kolkata', 0, 9786, 'Economy', 15, '08:30', '21:50', 'Spicejet', 'JAI', 'KOL', 'Refundable', 0),
('JAI-070', 'Jaipur', 'Kolkata', 0, 9000, 'Economy', 2, '08:30', '16:30', 'Spicejet', 'JAI', 'KOL', 'Non-Refundable', 0),
('JAI-071', 'Jaipur', 'Kolkata', 0, 12500, 'Business', 5, '16:10', '22:25', 'AirIndia', 'JAI', 'KOL', 'Non-Refundable', 0),
('JAI-072', 'Jaipur', 'Kolkata', 0, 12500, 'Business', 10, '16:10', '09:05', 'AirIndia', 'JAI', 'KOL', 'Non-Refundable', 0),
('JAI-073', 'Jaipur', 'Kolkata', 0, 12500, 'Business', 4, '16:10', '19:10', 'AirIndia', 'JAI', 'KOL', 'Non-Refundable', 0),
('JAI-074', 'Jaipur', 'Kolkata', 0, 24900, 'Business', 3, '13:55', '23:15', 'AirIndia', 'JAI', 'KOL', 'Non-Refundable', 0),
('JAI-075', 'Jaipur', 'Kolkata', 0, 24900, 'Business', 9, '8:10', '23:20', 'Jet Airways', 'JAI', 'KOL', 'Non-Refundable', 0),
('JAI-076', 'Jaipur', 'Kolkata', 0, 16200, 'Business', 2, '8:10', '23:20', 'Jet Airways', 'JAI', 'KOL', 'Non-Refundable', 0),
('JAI-077', 'Jaipur', 'Kolkata', 0, 16200, 'Business', 6, '8:10', '13:00', 'Jet Airways', 'JAI', 'KOL', 'Non-Refundable', 0),
('JAI-078', 'Jaipur', 'Kolkata', 0, 16200, 'Business', 10, '8:10', '15:35', 'Jet Airways', 'JAI', 'KOL', 'Non-Refundable', 0),
('JAI-079', 'Jaipur', 'Kolkata', 0, 12621, 'Business', 3, '21:05', '9:45', 'Jet Airways', 'JAI', 'KOL', 'Non-Refundable', 0),
('JAI-080', 'Jaipur', 'Kolkata', 0, 12621, 'Business', 7, '21:05', '11:05', 'Jet Airways', 'JAI', 'KOL', 'Non-Refundable', 0),
('JAI-081', 'Jaipur', 'New Delhi', 0, 3500, 'Economy', 12, '18:55', '03:15', 'Spicejet', 'JAI', 'DEL', 'Non-Refundable', 0),
('JAI-082', 'Jaipur', 'New Delhi', 0, 3600, 'Economy', 6, '6:20', '13:50', 'Spicejet', 'JAI', 'DEL', 'Refundable', 0),
('JAI-083', 'Jaipur', 'New Delhi', 0, 3318, 'Economy', 6, '9:55', '16:15', 'Spicejet', 'JAI', 'DEL', 'Refundable', 0),
('JAI-084', 'Jaipur', 'New Delhi', 0, 1515, 'Economy', 8, '05:00', '12:30', 'AirIndia', 'JAI', 'DEL', 'Refundable', 0),
('JAI-085', 'Jaipur', 'New Delhi', 0, 5325, 'Economy', 23, '20:05', '05:40', 'AirIndia', 'JAI', 'DEL', 'Non-Refundable', 0),
('JAI-086', 'Jaipur', 'New Delhi', 0, 2000, 'Economy', 15, '19:30', '02:15', 'AirIndia', 'JAI', 'DEL', 'Refundable', 0),
('JAI-087', 'Jaipur', 'New Delhi', 0, 3000, 'Economy', 16, '17:00', '06:40', 'AirIndia', 'JAI', 'DEL', 'Non-Refundable', 0),
('JAI-088', 'Jaipur', 'New Delhi', 0, 1886, 'Economy', 6, '19:25', '09:50', 'Jet Airways', 'JAI', 'DEL', 'Refundable', 0),
('JAI-089', 'Jaipur', 'New Delhi', 0, 2696, 'Economy', 15, '06:20', '14:50', 'Jet Airways', 'JAI', 'DEL', 'Refundable', 0),
('JAI-090', 'Jaipur', 'New Delhi', 0, 1999, 'Economy', 2, '06:35', '15:10', 'Vistara', 'JAI', 'DEL', 'Non-Refundable', 0),
('JAI-091', 'Jaipur', 'New Delhi', 0, 10500, 'Business', 5, '05:00', '6:30', 'AirIndia', 'JAI', 'DEL', 'Non-Refundable', 0),
('JAI-092', 'Jaipur', 'New Delhi', 0, 10500, 'Business', 10, '20:05', '21:40', 'AirIndia', 'JAI', 'DEL', 'Non-Refundable', 0),
('JAI-093', 'Jaipur', 'New Delhi', 0, 10500, 'Business', 4, '16:30', '18:15', 'AirIndia', 'JAI', 'DEL', 'Non-Refundable', 0),
('JAI-094', 'Jaipur', 'New Delhi', 0, 20900, 'Business', 3, '7:00', '18:40', 'AirIndia', 'JAI', 'DEL', 'Non-Refundable', 0),
('JAI-095', 'Jaipur', 'New Delhi', 0, 20900, 'Business', 9, '8:00', '6:40', 'AirIndia', 'JAI', 'DEL', 'Non-Refundable', 0),
('JAI-096', 'Jaipur', 'New Delhi', 0, 10200, 'Business', 2, '6:35', '8:10', 'Vistara', 'JAI', 'DEL', 'Non-Refundable', 0),
('JAI-097', 'Jaipur', 'New Delhi', 0, 9200, 'Business', 6, '8:15', '10:00', 'Vistara', 'JAI', 'DEL', 'Non-Refundable', 0),
('JAI-098', 'Jaipur', 'New Delhi', 0, 8999, 'Business', 3, '13:20', '14:50', 'Jet Airways', 'JAI', 'DEL', 'Non-Refundable', 0),
('JAI-099', 'Jaipur', 'New Delhi', 0, 9799, 'Business', 10, '18:20', '20:00', 'Vistara', 'JAI', 'DEL', 'Non-Refundable', 0),
('JAI-100', 'Jaipur', 'New Delhi', 0, 13999, 'Business', 7, '23:10', '00:35', 'Jet Airways', 'JAI', 'DEL', 'Non-Refundable', 0),
('JAI-101', 'Jaipur', 'Guwahati', 0, 8500, 'Economy', 12, '18:55', '03:15', 'Spicejet', 'JAI', 'GAU', 'Non-Refundable', 0),
('JAI-102', 'Jaipur', 'Guwahati', 0, 7600, 'Economy', 6, '6:20', '13:50', 'Spicejet', 'JAI', 'GAU', 'Refundable', 0),
('JAI-103', 'Jaipur', 'Guwahati', 0, 9318, 'Economy', 6, '9:55', '16:15', 'Spicejet', 'JAI', 'GAU', 'Refundable', 0),
('JAI-104', 'Jaipur', 'Guwahati', 0, 8915, 'Economy', 8, '5:00', '12:30', 'AirIndia', 'JAI', 'GAU', 'Refundable', 0),
('JAI-105', 'Jaipur', 'Guwahati', 0, 8915, 'Economy', 23, '20:05', '05:40', 'AirIndia', 'JAI', 'GAU', 'Non-Refundable', 0),
('JAI-106', 'Jaipur', 'Guwahati', 0, 9700, 'Economy', 15, '19:30', '02:15', 'AirIndia', 'JAI', 'GAU', 'Refundable', 0),
('JAI-107', 'Jaipur', 'Guwahati', 0, 7000, 'Economy', 16, '17:00', '06:40', 'AirIndia', 'JAI', 'GAU', 'Non-Refundable', 0),
('JAI-108', 'Jaipur', 'Guwahati', 0, 9786, 'Economy', 6, '19:25', '09:50', 'Jet Airways', 'JAI', 'GAU', 'Refundable', 0),
('JAI-109', 'Jaipur', 'Guwahati', 0, 9786, 'Economy', 15, '06:20', '14:50', 'Jet Airways', 'JAI', 'GAU', 'Refundable', 0),
('JAI-110', 'Jaipur', 'Guwahati', 0, 9000, 'Economy', 2, '06:35', '15:10', 'Vistara', 'JAI', 'GAU', 'Non-Refundable', 0),
('JAI-111', 'Jaipur', 'Guwahati', 0, 12500, 'Business', 5, '5:00', '6:30', 'AirIndia', 'JAI', 'GAU', 'Non-Refundable', 0),
('JAI-112', 'Jaipur', 'Guwahati', 0, 12500, 'Business', 4, '16:30', '18:15', 'AirIndia', 'JAI', 'GAU', 'Non-Refundable', 0),
('JAI-113', 'Jaipur', 'Guwahati', 0, 12500, 'Business', 10, '20:05', '21:40', 'AirIndia', 'JAI', 'GAU', 'Non-Refundable', 0),
('JAI-114', 'Jaipur', 'Guwahati', 0, 24900, 'Business', 3, '7:00', '18:40', 'AirIndia', 'JAI', 'GAU', 'Non-Refundable', 0),
('JAI-115', 'Jaipur', 'Guwahati', 0, 24900, 'Business', 9, '8:00', '6:40', 'AirIndia', 'JAI', 'GAU', 'Non-Refundable', 0),
('JAI-116', 'Jaipur', 'Guwahati', 0, 16200, 'Business', 2, '6:35', '8:10', 'Vistara', 'JAI', 'GAU', 'Non-Refundable', 0),
('JAI-117', 'Jaipur', 'Guwahati', 0, 16200, 'Business', 6, '8:15', '10:00', 'Vistara', 'JAI', 'GAU', 'Non-Refundable', 0),
('JAI-118', 'Jaipur', 'Guwahati', 0, 16200, 'Business', 10, '18:20', '20:00', 'Vistara', 'JAI', 'GAU', 'Non-Refundable', 0),
('JAI-119', 'Jaipur', 'Guwahati', 0, 12621, 'Business', 3, '13:20', '14:50', 'Jet Airways', 'JAI', 'GAU', 'Non-Refundable', 0),
('JAI-120', 'Jaipur', 'Guwahati', 0, 12621, 'Business', 7, '23:10', '00:35', 'Jet Airways', 'JAI', 'GAU', 'Non-Refundable', 0),
('JAI-121', 'Jaipur', 'Chennai', 0, 8500, 'Economy', 12, '18:55', '03:15', 'IndiGo', 'JAI', 'MAA', 'Non-Refundable', 0),
('JAI-122', 'Jaipur', 'Chennai', 0, 8600, 'Economy', 6, '06:20', '13:50', 'IndiGo', 'JAI', 'MAA', 'Refundable', 0),
('JAI-123', 'Jaipur', 'Chennai', 0, 9318, 'Economy', 6, '9:55', '16:15', 'IndiGo', 'JAI', 'MAA', 'Refundable', 0),
('JAI-124', 'Jaipur', 'Chennai', 0, 8915, 'Economy', 8, '5:00', '12:30', 'IndiGo', 'JAI', 'MAA', 'Refundable', 0),
('JAI-125', 'Jaipur', 'Chennai', 0, 8915, 'Economy', 23, '20:05', '05:40', 'AirIndia', 'JAI', 'MAA', 'Non-Refundable', 0),
('JAI-126', 'Jaipur', 'Chennai', 0, 9700, 'Economy', 15, '19:30', '02:15', 'AirIndia', 'JAI', 'MAA', 'Refundable', 0),
('JAI-127', 'Jaipur', 'Chennai', 0, 7000, 'Economy', 16, '17:00', '06:40', 'AirIndia', 'JAI', 'MAA', 'Non-Refundable', 0),
('JAI-128', 'Jaipur', 'Chennai', 0, 9786, 'Economy', 6, '19:25', '09:50', 'AirIndia', 'JAI', 'MAA', 'Refundable', 0),
('JAI-129', 'Jaipur', 'Chennai', 0, 8786, 'Economy', 15, '06:20', '14:50', 'Spicejet', 'JAI', 'MAA', 'Refundable', 0),
('JAI-130', 'Jaipur', 'Chennai', 0, 9999, 'Economy', 2, '06:35', '15:10', 'Jet Airways', 'JAI', 'MAA', 'Non-Refundable', 0),
('JAI-131', 'Jaipur', 'Chennai', 0, 22500, 'Business', 5, '5:00', '6:30', 'AirIndia', 'JAI', 'MAA', 'Non-Refundable', 0),
('JAI-132', 'Jaipur', 'Chennai', 0, 22500, 'Business', 10, '20:05', '21:40', 'AirIndia', 'JAI', 'MAA', 'Non-Refundable', 0),
('JAI-133', 'Jaipur', 'Chennai', 0, 22500, 'Business', 4, '16:30', '18:15', 'AirIndia', 'JAI', 'MAA', 'Non-Refundable', 0),
('JAI-134', 'Jaipur', 'Chennai', 0, 33900, 'Business', 3, '07:00', '18:40', 'AirIndia', 'JAI', 'MAA', 'Non-Refundable', 0),
('JAI-135', 'Jaipur', 'Chennai', 0, 33900, 'Business', 9, '8:00', '6:40', 'AirIndia', 'JAI', 'MAA', 'Non-Refundable', 0),
('JAI-136', 'Jaipur', 'Chennai', 0, 33333, 'Business', 2, '6:35', '8:10', 'Jet Airways', 'JAI', 'MAA', 'Non-Refundable', 0),
('JAI-137', 'Jaipur', 'Chennai', 0, 56300, 'Business', 6, '8:15', '10:00', 'Jet Airways', 'JAI', 'MAA', 'Non-Refundable', 0),
('JAI-138', 'Jaipur', 'Chennai', 0, 46200, 'Business', 10, '18:20', '20:00', 'Jet Airways', 'JAI', 'MAA', 'Non-Refundable', 0),
('JAI-140', 'Jaipur', 'Chennai', 0, 32621, 'Business', 7, '23:10', '00:35', 'Jet Airways', 'JAI', 'MAA', 'Non-Refundable', 0),
('JAI-141', 'Jaipur', 'Mumbai', 0, 8500, 'Economy', 12, '18:55', '03:15', 'Spicejet', 'JAI', 'BOM', 'Non-Refundable', 0),
('JAI-142', 'Jaipur', 'Mumbai', 0, 7600, 'Economy', 6, '6:20', '13:50', 'Spicejet', 'JAI', 'BOM', 'Refundable', 0),
('JAI-143', 'Jaipur', 'Mumbai', 0, 9318, 'Economy', 9, '9:55', '16:15', 'Spicejet', 'JAI', 'BOM', 'Refundable', 0),
('JAI-144', 'Jaipur', 'Mumbai', 0, 8915, 'Economy', 8, '5:00', '12:30', 'AirIndia', 'JAI', 'BOM', 'Refundable', 0),
('JAI-145', 'Jaipur', 'Mumbai', 0, 8915, 'Economy', 23, '20:05', '05:40', 'AirIndia', 'JAI', 'BOM', 'Non-Refundable', 0),
('JAI-146', 'Jaipur', 'Mumbai', 0, 9700, 'Economy', 15, '19:30', '02:15', 'AirIndia', 'JAI', 'BOM', 'Refundable', 0),
('JAI-147', 'Jaipur', 'Mumbai', 0, 7000, 'Economy', 16, '17:00', '06:40', 'AirIndia', 'JAI', 'BOM', 'Non-Refundable', 0),
('JAI-148', 'Jaipur', 'Mumbai', 0, 9786, 'Economy', 6, '19:25', '09:50', 'Jet Airways', 'JAI', 'BOM', 'Refundable', 0),
('JAI-149', 'Jaipur', 'Mumbai', 0, 9786, 'Economy', 15, '06:20', '14:50', 'Jet Airways', 'JAI', 'BOM', 'Refundable', 0),
('JAI-150', 'Jaipur', 'Mumbai', 0, 9000, 'Economy', 2, '06:35', '15:10', 'Vistara', 'JAI', 'BOM', 'Non-Refundable', 0),
('JAI-151', 'Jaipur', 'Mumbai', 0, 22500, 'Business', 5, '5:00', '6:30', 'AirIndia', 'JAI', 'BOM', 'Non-Refundable', 0),
('JAI-152', 'Jaipur', 'Mumbai', 0, 12500, 'Business', 10, '20:05', '21:40', 'AirIndia', 'JAI', 'BOM', 'Non-Refundable', 0),
('JAI-153', 'Jaipur', 'Mumbai', 0, 22500, 'Business', 4, '16:30', '18:15', 'AirIndia', 'JAI', 'BOM', 'Non-Refundable', 0),
('JAI-154', 'Jaipur', 'Mumbai', 0, 24900, 'Business', 3, '7:00', '18:40', 'AirIndia', 'JAI', 'BOM', 'Non-Refundable', 0),
('JAI-155', 'Jaipur', 'Mumbai', 0, 24900, 'Business', 9, '8:00', '6:40', 'AirIndia', 'JAI', 'BOM', 'Non-Refundable', 0),
('JAI-156', 'Jaipur', 'Mumbai', 0, 36200, 'Business', 2, '6:35', '8:10', 'Vistara', 'JAI', 'BOM', 'Non-Refundable', 0),
('JAI-157', 'Jaipur', 'Mumbai', 0, 46200, 'Business', 6, '8:15', '10:00', 'Vistara', 'JAI', 'BOM', 'Non-Refundable', 0),
('JAI-158', 'Jaipur', 'Mumbai', 0, 46200, 'Business', 10, '18:20', '20:00', 'Vistara', 'JAI', 'BOM', 'Non-Refundable', 0),
('JAI-159', 'Jaipur', 'Mumbai', 0, 52621, 'Business', 3, '13:20', '14:50', 'Jet Airways', 'JAI', 'BOM', 'Non-Refundable', 0),
('JAI-160', 'Jaipur', 'Mumbai', 0, 62621, 'Business', 7, '23:10', '0:35', 'Jet Airways', 'JAI', 'BOM', 'Non-Refundable', 0),
('JAI-161', 'Jaipur', 'Pune', 0, 4500, 'Economy', 12, '01:05', '03:15', 'Spicejet', 'JAI', 'PNQ', 'Non-Refundable', 0),
('JAI-162', 'Jaipur', 'Pune', 0, 5600, 'Economy', 6, '6:20', '13:50', 'Spicejet', 'JAI', 'PNQ', 'Refundable', 0),
('JAI-163', 'Jaipur', 'Pune', 0, 4318, 'Economy', 6, '9:55', '16:15', 'Spicejet', 'JAI', 'PNQ', 'Refundable', 0),
('JAI-164', 'Jaipur', 'Pune', 0, 4915, 'Economy', 8, '5:00', '12:30', 'AirIndia', 'JAI', 'PNQ', 'Refundable', 0),
('JAI-165', 'Jaipur', 'Pune', 0, 4915, 'Economy', 23, '20:05', '05:40', 'AirIndia', 'JAI', 'PNQ', 'Non-Refundable', 0),
('JAI-166', 'Jaipur', 'Pune', 0, 3700, 'Economy', 15, '19:30', '02:15', 'AirIndia', 'JAI', 'PNQ', 'Refundable', 0),
('JAI-167', 'Jaipur', 'Pune', 0, 4000, 'Economy', 16, '17:00', '06:40', 'AirIndia', 'JAI', 'PNQ', 'Non-Refundable', 0),
('JAI-168', 'Jaipur', 'Pune', 0, 2786, 'Economy', 6, '19:25', '09:50', 'Jet Airways', 'JAI', 'PNQ', 'Refundable', 0),
('JAI-169', 'Jaipur', 'Pune', 0, 2786, 'Economy', 15, '06:20', '14:50', 'Jet Airways', 'JAI', 'PNQ', 'Refundable', 0),
('JAI-170', 'Jaipur', 'Pune', 0, 2500, 'Economy', 2, '06:35', '15:10', 'Vistara', 'JAI', 'PNQ', 'Non-Refundable', 0),
('JAI-171', 'Jaipur', 'Pune', 0, 12579, 'Business', 5, '5:00', '6:30', 'AirIndia', 'JAI', 'PNQ', 'Non-Refundable', 0),
('JAI-172', 'Jaipur', 'Pune', 0, 12536, 'Business', 10, '20:05', '21:40', 'AirIndia', 'JAI', 'PNQ', 'Non-Refundable', 0),
('JAI-173', 'Jaipur', 'Pune', 0, 12549, 'Business', 4, '16:30', '18:15', 'AirIndia', 'JAI', 'PNQ', 'Non-Refundable', 0),
('JAI-174', 'Jaipur', 'Pune', 0, 24999, 'Business', 3, '7:00', '18:40', 'AirIndia', 'JAI', 'PNQ', 'Non-Refundable', 0),
('JAI-175', 'Jaipur', 'Pune', 0, 25669, 'Business', 9, '8:00', '6:40', 'AirIndia', 'JAI', 'PNQ', 'Non-Refundable', 0),
('JAI-176', 'Jaipur', 'Pune', 0, 16289, 'Business', 2, '6:35', '8:10', 'Vistara', 'JAI', 'PNQ', 'Non-Refundable', 0),
('JAI-177', 'Jaipur', 'Pune', 0, 16299, 'Business', 6, '8:15', '10:00', 'Vistara', 'JAI', 'PNQ', 'Non-Refundable', 0),
('JAI-178', 'Jaipur', 'Pune', 0, 16200, 'Business', 10, '18:20', '20:00', 'Vistara', 'JAI', 'PNQ', 'Non-Refundable', 0),
('JAI-179', 'Jaipur', 'Pune', 0, 56632, 'Business', 3, '13:20', '14:50', 'Jet Airways', 'JAI', 'PNQ', 'Non-Refundable', 0),
('JAI-180', 'Jaipur', 'Pune', 0, 78900, 'Business', 7, '23:10', '0:35', 'Jet Airways', 'JAI', 'PNQ', 'Non-Refundable', 0),
('JAI-301', 'Jaipur', 'Bhopal', 0, 22500, 'Business', 5, '5:00', '6:30', 'AirIndia', 'JAI', 'BHO', 'Non-Refundable', 0),
('MAA-001', 'Chennai', 'Ahmedabad', 0, 5500, 'Economy', 12, '18:55', '03:15', 'Spicejet', 'MAA', 'AMD', 'Non-Refundable', 0),
('MAA-002', 'Chennai', 'Ahmedabad', 0, 5500, 'Economy', 6, '6:20', '13:50', 'Spicejet', 'MAA', 'AMD', 'Refundable', 0),
('MAA-003', 'Ahmedabad', 'Jaipur', 0, 5318, 'Economy', 6, '9:55', '16:15', 'Spicejet', 'MAA', 'AMD', 'Refundable', 0),
('MAA-004', 'Chennai', 'Ahmedabad', 0, 6015, 'Economy', 8, '5:00', '12:30', 'AirIndia', 'MAA', 'AMD', 'Refundable', 0),
('MAA-005', 'Chennai', 'Ahmedabad', 0, 7015, 'Economy', 23, '20:05', '05:40', 'AirIndia', 'MAA', 'AMD', 'Non-Refundable', 0),
('MAA-006', 'Chennai', 'Ahmedabad', 0, 7700, 'Economy', 15, '19:30', '02:15', 'AirIndia', 'MAA', 'AMD', 'Refundable', 0),
('MAA-007', 'Chennai', 'Ahmedabad', 0, 7000, 'Economy', 16, '17:00', '06:40', 'AirIndia', 'MAA', 'AMD', 'Non-Refundable', 0),
('MAA-008', 'Chennai', 'Ahmedabad', 0, 10400, 'Economy', 6, '19:25', '09:50', 'Jet Airways', 'MAA', 'AMD', 'Refundable', 0),
('MAA-009', 'Chennai', 'Ahmedabad', 0, 8726, 'Economy', 15, '06:20', '14:50', 'Jet Airways', 'MAA', 'AMD', 'Refundable', 0),
('MAA-010', 'Chennai', 'Ahmedabad', 0, 8000, 'Economy', 2, '06:35', '15:10', 'Vistara', 'MAA', 'AMD', 'Non-Refundable', 0),
('MAA-011', 'Chennai', 'Ahmedabad', 0, 12500, 'Business', 5, '5:00', '6:30', 'AirIndia', 'MAA', 'AMD', 'Non-Refundable', 0),
('MAA-012', 'Chennai', 'Ahmedabad', 0, 12500, 'Business', 10, '20:05', '21:40', 'AirIndia', 'MAA', 'AMD', 'Non-Refundable', 0),
('MAA-013', 'Chennai', 'Ahmedabad', 0, 12500, 'Business', 4, '16:30', '18:15', 'AirIndia', 'MAA', 'AMD', 'Non-Refundable', 0),
('MAA-014', 'Chennai', 'Ahmedabad', 0, 24900, 'Business', 3, '7:00', '18:40', 'AirIndia', 'MAA', 'AMD', 'Non-Refundable', 0),
('MAA-015', 'Chennai', 'Ahmedabad', 0, 24900, 'Business', 9, '8:00', '6:40', 'AirIndia', 'MAA', 'AMD', 'Non-Refundable', 0),
('MAA-016', 'Chennai', 'Ahmedabad', 0, 16200, 'Business', 2, '6:35', '8:10', 'Vistara', 'MAA', 'AMD', 'Non-Refundable', 0),
('MAA-017', 'Chennai', 'Ahmedabad', 0, 16200, 'Business', 6, '8:15', '10:00', 'Vistara', 'MAA', 'AMD', 'Non-Refundable', 0),
('MAA-018', 'Chennai', 'Ahmedabad', 0, 16200, 'Business', 10, '18:20', '20:00', 'Vistara', 'MAA', 'AMD', 'Non-Refundable', 0),
('MAA-019', 'Chennai', 'Ahmedabad', 0, 12621, 'Business', 3, '13:20', '14:50', 'Jet Airways', 'MAA', 'AMD', 'Non-Refundable', 0),
('MAA-020', 'Chennai', 'Ahmedabad', 0, 12621, 'Business', 7, '23:10', '0:35', 'Jet Airways', 'MAA', 'AMD', 'Non-Refundable', 0),
('MAA-021', 'Chennai', 'Bhopal', 0, 5500, 'Economy', 12, '18:55', '03:15', 'Spicejet', 'MAA', 'BHO', 'Non-Refundable', 0),
('MAA-022', 'Chennai', 'Bhopal', 0, 5500, 'Economy', 6, '6:20', '13:50', 'Spicejet', 'MAA', 'BHO', 'Refundable', 0),
('MAA-023', 'Chennai', 'Bhopal', 0, 6377, 'Economy', 6, '9:55', '16:15', 'Spicejet', 'MAA', 'BHO', 'Refundable', 0),
('MAA-024', 'Chennai', 'Bhopal', 0, 6015, 'Economy', 8, '5:00', '12:30', 'AirIndia', 'MAA', 'BHO', 'Refundable', 0),
('MAA-025', 'Chennai', 'Bhopal', 0, 7015, 'Economy', 23, '20:05', '05:40', 'AirIndia', 'MAA', 'BHO', 'Non-Refundable', 0),
('MAA-026', 'Chennai', 'Bhopal', 0, 7700, 'Economy', 15, '19:30', '02:15', 'AirIndia', 'MAA', 'BHO', 'Refundable', 0),
('MAA-027', 'Chennai', 'Bhopal', 0, 7000, 'Economy', 16, '17:00', '06:40', 'AirIndia', 'MAA', 'BHO', 'Non-Refundable', 0),
('MAA-028', 'Chennai', 'Bhopal', 0, 4499, 'Economy', 6, '19:25', '09:50', 'Jet Airways', 'MAA', 'BHO', 'Refundable', 0),
('MAA-029', 'Chennai', 'Bhopal', 0, 8726, 'Economy', 15, '06:20', '14:50', 'Jet Airways', 'MAA', 'BHO', 'Refundable', 0),
('MAA-030', 'Chennai', 'Bhopal', 0, 8000, 'Economy', 2, '06:35', '15:10', 'Vistara', 'MAA', 'BHO', 'Non-Refundable', 0),
('MAA-031', 'Chennai', 'Bhopal', 0, 12500, 'Business', 5, '5:00', '6:30', 'AirIndia', 'MAA', 'BHO', 'Non-Refundable', 0),
('MAA-032', 'Chennai', 'Bhopal', 0, 12500, 'Business', 10, '20:05', '21:40', 'AirIndia', 'MAA', 'BHO', 'Non-Refundable', 0),
('MAA-033', 'Chennai', 'Bhopal', 0, 12500, 'Business', 4, '16:30', '18:15', 'AirIndia', 'MAA', 'BHO', 'Non-Refundable', 0),
('MAA-034', 'Chennai', 'Bhopal', 0, 24900, 'Business', 3, '7:00', '18:40', 'AirIndia', 'MAA', 'BHO', 'Non-Refundable', 0),
('MAA-035', 'Chennai', 'Bhopal', 0, 24900, 'Business', 9, '8:00', '6:40', 'AirIndia', 'MAA', 'BHO', 'Non-Refundable', 0),
('MAA-036', 'Chennai', 'Bhopal', 0, 16200, 'Business', 2, '6:35', '8:10', 'Vistara', 'MAA', 'BHO', 'Non-Refundable', 0),
('MAA-037', 'Chennai', 'Bhopal', 0, 16200, 'Business', 6, '8:15', '10:00', 'Vistara', 'MAA', 'BHO', 'Non-Refundable', 0),
('MAA-038', 'Chennai', 'Bhopal', 0, 16200, 'Business', 10, '18:20', '20:00', 'Vistara', 'MAA', 'BHO', 'Non-Refundable', 0),
('MAA-039', 'Chennai', 'Bhopal', 0, 12621, 'Business', 3, '13:20', '14:50', 'Jet Airways', 'MAA', 'BHO', 'Non-Refundable', 0),
('MAA-040', 'Chennai', 'Bhopal', 0, 12621, 'Business', 7, '23:10', '0:35', 'Jet Airways', 'MAA', 'BHO', 'Non-Refundable', 0),
('MAA-041', 'Chennai', 'Bengaluru', 0, 5500, 'Economy', 12, '18:55', '03:15', 'Spicejet', 'MAA', 'BLR', 'Non-Refundable', 0),
('MAA-042', 'Chennai', 'Bengaluru', 0, 5500, 'Economy', 6, '6:20', '13:50', 'Spicejet', 'MAA', 'BLR', 'Refundable', 0),
('MAA-043', 'Chennai', 'Bengaluru', 0, 5318, 'Economy', 6, '9:55', '16:15', 'Spicejet', 'MAA', 'BLR', 'Refundable', 0),
('MAA-044', 'Chennai', 'Bengaluru', 0, 6015, 'Economy', 8, '5:00', '12:30', 'AirIndia', 'MAA', 'BLR', 'Refundable', 0),
('MAA-045', 'Chennai', 'Bengaluru', 0, 7015, 'Economy', 23, '20:05', '05:40', 'AirIndia', 'MAA', 'BLR', 'Non-Refundable', 0),
('MAA-046', 'Chennai', 'Bengaluru', 0, 7700, 'Economy', 15, '19:30', '02:15', 'AirIndia', 'MAA', 'BLR', 'Refundable', 0),
('MAA-047', 'Chennai', 'Bengaluru', 0, 7000, 'Economy', 16, '17:00', '06:40', 'AirIndia', 'MAA', 'BLR', 'Non-Refundable', 0),
('MAA-048', 'Chennai', 'Bengaluru', 0, 10400, 'Economy', 6, '19:25', '09:50', 'Jet Airways', 'MAA', 'BLR', 'Refundable', 0),
('MAA-049', 'Chennai', 'Bengaluru', 0, 8726, 'Economy', 15, '06:20', '14:50', 'Jet Airways', 'MAA', 'BLR', 'Refundable', 0),
('MAA-050', 'Chennai', 'Bengaluru', 0, 8000, 'Economy', 2, '06:35', '15:10', 'Vistara', 'MAA', 'BLR', 'Non-Refundable', 0),
('MAA-051', 'Chennai', 'Bengaluru', 0, 12500, 'Business', 5, '5:00', '6:30', 'AirIndia', 'MAA', 'BLR', 'Non-Refundable', 0),
('MAA-052', 'Chennai', 'Bengaluru', 0, 12500, 'Business', 10, '20:05', '21:40', 'AirIndia', 'MAA', 'BLR', 'Non-Refundable', 0),
('MAA-053', 'Chennai', 'Bengaluru', 0, 12500, 'Business', 4, '16:30', '18:15', 'AirIndia', 'MAA', 'BLR', 'Non-Refundable', 0),
('MAA-054', 'Chennai', 'Bengaluru', 0, 24900, 'Business', 3, '7:00', '18:40', 'AirIndia', 'MAA', 'BLR', 'Non-Refundable', 0),
('MAA-055', 'Chennai', 'Bengaluru', 0, 24900, 'Business', 9, '8:00', '6:40', 'AirIndia', 'MAA', 'BLR', 'Non-Refundable', 0),
('MAA-056', 'Chennai', 'Bengaluru', 0, 16200, 'Business', 2, '6:35', '8:10', 'Vistara', 'MAA', 'BLR', 'Non-Refundable', 0),
('MAA-057', 'Chennai', 'Bengaluru', 0, 16200, 'Business', 6, '8:15', '10:00', 'Vistara', 'MAA', 'BLR', 'Non-Refundable', 0),
('MAA-058', 'Chennai', 'Bengaluru', 0, 16200, 'Business', 10, '18:20', '20:00', 'Vistara', 'MAA', 'BLR', 'Non-Refundable', 0),
('MAA-059', 'Chennai', 'Bengaluru', 0, 12621, 'Business', 3, '13:20', '14:50', 'Jet Airways', 'MAA', 'BLR', 'Non-Refundable', 0),
('MAA-060', 'Chennai', 'Bengaluru', 0, 12621, 'Business', 7, '23:10', '00:35', 'Jet Airways', 'MAA', 'BLR', 'Non-Refundable', 0),
('MAA-061', 'Chennai', 'Mumbai', 0, 5500, 'Economy', 12, '18:55', '03:15', 'Spicejet', 'MAA', 'BOM', 'Non-Refundable', 0),
('MAA-062', 'Chennai', 'Mumbai', 0, 5500, 'Economy', 6, '6:20', '13:50', 'Spicejet', 'MAA', 'BOM', 'Refundable', 0),
('MAA-063', 'Chennai', 'Mumbai', 0, 5318, 'Economy', 6, '9:55', '16:15', 'Spicejet', 'MAA', 'BOM', 'Refundable', 0),
('MAA-064', 'Chennai', 'Mumbai', 0, 6015, 'Economy', 8, '5:00', '12:30', 'AirIndia', 'MAA', 'BOM', 'Refundable', 0),
('MAA-065', 'Chennai', 'Mumbai', 0, 7015, 'Economy', 23, '20:05', '05:40', 'AirIndia', 'MAA', 'BOM', 'Non-Refundable', 0),
('MAA-066', 'Chennai', 'Mumbai', 0, 7700, 'Economy', 15, '19:30', '02:15', 'AirIndia', 'MAA', 'BOM', 'Refundable', 0),
('MAA-067', 'Chennai', 'Mumbai', 0, 7000, 'Economy', 16, '17:00', '06:40', 'AirIndia', 'MAA', 'BOM', 'Non-Refundable', 0),
('MAA-068', 'Chennai', 'Mumbai', 0, 10400, 'Economy', 6, '19:25', '09:50', 'Jet Airways', 'MAA', 'BOM', 'Refundable', 0),
('MAA-069', 'Chennai', 'Mumbai', 0, 8726, 'Economy', 15, '06:20', '14:50', 'Jet Airways', 'MAA', 'BOM', 'Refundable', 0),
('MAA-070', 'Chennai', 'Mumbai', 0, 8000, 'Economy', 2, '06:35', '15:10', 'Vistara', 'MAA', 'BOM', 'Non-Refundable', 0),
('MAA-071', 'Chennai', 'Mumbai', 0, 12500, 'Business', 5, '5:00', '6:30', 'AirIndia', 'MAA', 'BOM', 'Non-Refundable', 0),
('MAA-072', 'Chennai', 'Mumbai', 0, 12500, 'Business', 10, '20:05', '21:40', 'AirIndia', 'MAA', 'BOM', 'Non-Refundable', 0),
('MAA-073', 'Chennai', 'Mumbai', 0, 12500, 'Business', 4, '16:30', '18:15', 'AirIndia', 'MAA', 'BOM', 'Non-Refundable', 0),
('MAA-074', 'Chennai', 'Mumbai', 0, 24900, 'Business', 3, '7:00', '18:40', 'AirIndia', 'MAA', 'BOM', 'Non-Refundable', 0),
('MAA-075', 'Chennai', 'Mumbai', 0, 24900, 'Business', 9, '8:00', '6:40', 'AirIndia', 'MAA', 'BOM', 'Non-Refundable', 0),
('MAA-076', 'Chennai', 'Mumbai', 0, 16200, 'Business', 2, '6:35', '8:10', 'Vistara', 'MAA', 'BOM', 'Non-Refundable', 0),
('MAA-077', 'Chennai', 'Mumbai', 0, 16200, 'Business', 6, '8:15', '10:00', 'Vistara', 'MAA', 'BOM', 'Non-Refundable', 0),
('MAA-078', 'Chennai', 'Mumbai', 0, 16200, 'Business', 10, '18:20', '20:00', 'Vistara', 'MAA', 'BOM', 'Non-Refundable', 0),
('MAA-079', 'Chennai', 'Mumbai', 0, 12621, 'Business', 3, '13:20', '14:50', 'Jet Airways', 'MAA', 'BOM', 'Non-Refundable', 0),
('MAA-080', 'Chennai', 'Mumbai', 0, 12621, 'Business', 7, '23:10', '0:35', 'Jet Airways', 'MAA', 'BOM', 'Non-Refundable', 0),
('MAA-081', 'Chennai', 'Kolkata', 0, 5500, 'Economy', 12, '18:55', '03:15', 'Spicejet', 'MAA', 'CCU', 'Non-Refundable', 0),
('MAA-082', 'Chennai', 'Kolkata', 0, 5500, 'Economy', 6, '6:20', '13:50', 'Spicejet', 'MAA', 'CCU', 'Refundable', 0),
('MAA-083', 'Chennai', 'Kolkata', 0, 5318, 'Economy', 6, '9:55', '16:15', 'Spicejet', 'MAA', 'CCU', 'Refundable', 0),
('MAA-084', 'Chennai', 'Kolkata', 0, 6015, 'Economy', 8, '5:00', '12:30', 'AirIndia', 'MAA', 'CCU', 'Refundable', 0),
('MAA-085', 'Chennai', 'Kolkata', 0, 7015, 'Economy', 23, '20:05', '05:40', 'AirIndia', 'MAA', 'CCU', 'Non-Refundable', 0),
('MAA-086', 'Chennai', 'Kolkata', 0, 7700, 'Economy', 15, '19:30', '02:15', 'AirIndia', 'MAA', 'CCU', 'Refundable', 0),
('MAA-087', 'Chennai', 'Kolkata', 0, 7000, 'Economy', 16, '17:00', '06:40', 'AirIndia', 'MAA', 'CCU', 'Non-Refundable', 0),
('MAA-088', 'Chennai', 'Kolkata', 0, 10400, 'Economy', 6, '19:25', '09:50', 'Jet Airways', 'MAA', 'CCU', 'Refundable', 0),
('MAA-089', 'Chennai', 'Kolkata', 0, 8726, 'Economy', 15, '06:20', '14:50', 'Jet Airways', 'MAA', 'CCU', 'Refundable', 0),
('MAA-090', 'Chennai', 'Kolkata', 0, 8000, 'Economy', 2, '06:35', '15:10', 'Vistara', 'MAA', 'CCU', 'Non-Refundable', 0),
('MAA-091', 'Chennai', 'Kolkata', 0, 12500, 'Business', 5, '5:00', '6:30', 'AirIndia', 'MAA', 'CCU', 'Non-Refundable', 0),
('MAA-092', 'Chennai', 'Kolkata', 0, 12500, 'Business', 10, '20:05', '21:40', 'AirIndia', 'MAA', 'CCU', 'Non-Refundable', 0),
('MAA-093', 'Chennai', 'Kolkata', 0, 12500, 'Business', 4, '16:30', '18:15', 'AirIndia', 'MAA', 'CCU', 'Non-Refundable', 0),
('MAA-094', 'Chennai', 'Kolkata', 0, 24900, 'Business', 3, '7:00', '18:40', 'AirIndia', 'MAA', 'CCU', 'Non-Refundable', 0),
('MAA-095', 'Chennai', 'Kolkata', 0, 24900, 'Business', 9, '8:00', '6:40', 'AirIndia', 'MAA', 'CCU', 'Non-Refundable', 0),
('MAA-096', 'Chennai', 'Kolkata', 0, 16200, 'Business', 2, '6:35', '8:10', 'Vistara', 'MAA', 'CCU', 'Non-Refundable', 0),
('MAA-097', 'Chennai', 'Kolkata', 0, 16200, 'Business', 6, '8:15', '10:00', 'Vistara', 'MAA', 'CCU', 'Non-Refundable', 0),
('MAA-098', 'Chennai', 'Kolkata', 0, 16200, 'Business', 10, '18:20', '20:00', 'Vistara', 'MAA', 'CCU', 'Non-Refundable', 0),
('MAA-099', 'Chennai', 'Kolkata', 0, 12621, 'Business', 3, '13:20', '14:50', 'Jet Airways', 'MAA', 'CCU', 'Non-Refundable', 0),
('MAA-100', 'Chennai', 'Kolkata', 0, 12621, 'Business', 7, '23:10', '0:35', 'Jet Airways', 'MAA', 'CCU', 'Non-Refundable', 0),
('MAA-101', 'Chennai', 'New Delhi', 0, 5500, 'Economy', 12, '18:55', '03:15', 'Spicejet', 'MAA', 'DEL', 'Non-Refundable', 0),
('MAA-102', 'Chennai', 'New Delhi', 0, 5500, 'Economy', 6, '6:20', '13:50', 'Spicejet', 'MAA', 'DEL', 'Refundable', 0),
('MAA-103', 'Chennai', 'New Delhi', 0, 5318, 'Economy', 6, '9:55', '16:15', 'Spicejet', 'MAA', 'DEL', 'Refundable', 0),
('MAA-104', 'Chennai', 'New Delhi', 0, 6015, 'Economy', 8, '5:00', '12:30', 'AirIndia', 'MAA', 'DEL', 'Refundable', 0),
('MAA-105', 'Chennai', 'New Delhi', 0, 7015, 'Economy', 23, '20:05', '05:40', 'AirIndia', 'MAA', 'DEL', 'Non-Refundable', 0),
('MAA-106', 'Chennai', 'New Delhi', 0, 7700, 'Economy', 15, '19:30', '02:15', 'AirIndia', 'MAA', 'DEL', 'Refundable', 0),
('MAA-107', 'Chennai', 'New Delhi', 0, 7000, 'Economy', 16, '17:00', '06:40', 'AirIndia', 'MAA', 'DEL', 'Non-Refundable', 0),
('MAA-108', 'Chennai', 'New Delhi', 0, 10400, 'Economy', 6, '19:25', '09:50', 'Jet Airways', 'MAA', 'DEL', 'Refundable', 0),
('MAA-109', 'Chennai', 'New Delhi', 0, 8726, 'Economy', 15, '06:20', '14:50', 'Jet Airways', 'MAA', 'DEL', 'Refundable', 0),
('MAA-110', 'Chennai', 'New Delhi', 0, 8000, 'Economy', 2, '06:35', '15:10', 'Vistara', 'MAA', 'DEL', 'Non-Refundable', 0),
('MAA-111', 'Chennai', 'New Delhi', 0, 12500, 'Business', 5, '5:00', '6:30', 'AirIndia', 'MAA', 'DEL', 'Non-Refundable', 0),
('MAA-112', 'Chennai', 'New Delhi', 0, 12500, 'Business', 10, '20:05', '21:40', 'AirIndia', 'MAA', 'DEL', 'Non-Refundable', 0),
('MAA-113', 'Chennai', 'New Delhi', 0, 12500, 'Business', 4, '16:30', '18:15', 'AirIndia', 'MAA', 'DEL', 'Non-Refundable', 0),
('MAA-114', 'Chennai', 'New Delhi', 0, 24900, 'Business', 3, '7:00', '18:40', 'AirIndia', 'MAA', 'DEL', 'Non-Refundable', 0),
('MAA-115', 'Chennai', 'New Delhi', 0, 24900, 'Business', 9, '8:00', '6:40', 'AirIndia', 'MAA', 'DEL', 'Non-Refundable', 0),
('MAA-116', 'Chennai', 'New Delhi', 0, 16200, 'Business', 2, '6:35', '8:10', 'Vistara', 'MAA', 'DEL', 'Non-Refundable', 0),
('MAA-117', 'Chennai', 'New Delhi', 0, 16200, 'Business', 6, '8:15', '10:00', 'Vistara', 'MAA', 'DEL', 'Non-Refundable', 0),
('MAA-118', 'Chennai', 'New Delhi', 0, 16200, 'Business', 10, '18:20', '20:00', 'Vistara', 'MAA', 'DEL', 'Non-Refundable', 0),
('MAA-119', 'Chennai', 'New Delhi', 0, 12621, 'Business', 3, '13:20', '14:50', 'Jet Airways', 'MAA', 'DEL', 'Non-Refundable', 0),
('MAA-120', 'Chennai', 'New Delhi', 0, 12621, 'Business', 7, '23:10', '0:35', 'Jet Airways', 'MAA', 'DEL', 'Non-Refundable', 0),
('MAA-121', 'Chennai', 'Guwahati', 0, 5500, 'Economy', 12, '18:55', '03:15', 'Spicejet', 'MAA', 'GAU', 'Non-Refundable', 0),
('MAA-122', 'Chennai', 'Guwahati', 0, 5500, 'Economy', 6, '6:20', '13:50', 'Spicejet', 'MAA', 'GAU', 'Refundable', 0),
('MAA-123', 'Chennai', 'Guwahati', 0, 5318, 'Economy', 6, '9:55', '16:15', 'Spicejet', 'MAA', 'GAU', 'Refundable', 0),
('MAA-124', 'Chennai', 'Guwahati', 0, 6015, 'Economy', 8, '5:00', '12:30', 'AirIndia', 'MAA', 'GAU', 'Refundable', 0),
('MAA-125', 'Chennai', 'Guwahati', 0, 7015, 'Economy', 23, '20:05', '05:40', 'AirIndia', 'MAA', 'GAU', 'Non-Refundable', 0),
('MAA-126', 'Chennai', 'Guwahati', 0, 7700, 'Economy', 15, '19:30', '02:15', 'AirIndia', 'MAA', 'GAU', 'Refundable', 0),
('MAA-127', 'Chennai', 'Guwahati', 0, 7000, 'Economy', 16, '17:00', '06:40', 'AirIndia', 'MAA', 'GAU', 'Non-Refundable', 0),
('MAA-128', 'Chennai', 'Guwahati', 0, 10400, 'Economy', 6, '19:25', '09:50', 'Jet Airways', 'MAA', 'GAU', 'Refundable', 0),
('MAA-129', 'Chennai', 'Guwahati', 0, 8726, 'Economy', 15, '06:20', '14:50', 'Jet Airways', 'MAA', 'GAU', 'Refundable', 0),
('MAA-130', 'Chennai', 'Guwahati', 0, 8000, 'Economy', 2, '06:35', '15:10', 'Vistara', 'MAA', 'GAU', 'Non-Refundable', 0),
('MAA-131', 'Chennai', 'Guwahati', 0, 12500, 'Business', 5, '5:00', '6:30', 'AirIndia', 'MAA', 'GAU', 'Non-Refundable', 0),
('MAA-132', 'Chennai', 'Guwahati', 0, 12500, 'Business', 10, '20:05', '21:40', 'AirIndia', 'MAA', 'GAU', 'Non-Refundable', 0),
('MAA-133', 'Chennai', 'Guwahati', 0, 12500, 'Business', 4, '16:30', '18:15', 'AirIndia', 'MAA', 'GAU', 'Non-Refundable', 0),
('MAA-134', 'Chennai', 'Guwahati', 0, 24900, 'Business', 3, '7:00', '18:40', 'AirIndia', 'MAA', 'GAU', 'Non-Refundable', 0),
('MAA-135', 'Chennai', 'Guwahati', 0, 24900, 'Business', 9, '8:00', '6:40', 'AirIndia', 'MAA', 'GAU', 'Non-Refundable', 0),
('MAA-136', 'Chennai', 'Guwahati', 0, 16200, 'Business', 2, '6:35', '8:10', 'Vistara', 'MAA', 'GAU', 'Non-Refundable', 0),
('MAA-137', 'Chennai', 'Guwahati', 0, 16200, 'Business', 6, '8:15', '10:00', 'Vistara', 'MAA', 'GAU', 'Non-Refundable', 0),
('MAA-138', 'Chennai', 'Guwahati', 0, 16200, 'Business', 10, '18:20', '20:00', 'Vistara', 'MAA', 'GAU', 'Non-Refundable', 0),
('MAA-139', 'Chennai', 'Guwahati', 0, 12621, 'Business', 3, '13:20', '14:50', 'Jet Airways', 'MAA', 'GAU', 'Non-Refundable', 0),
('MAA-140', 'Chennai', 'Guwahati', 0, 12621, 'Business', 7, '23:10', '00:35', 'Jet Airways', 'MAA', 'GAU', 'Non-Refundable', 0),
('MAA-141', 'Chennai', 'Goa', 0, 1500, 'Economy', 12, '18:55', '03:15', 'Spicejet', 'MAA', 'GOI', 'Non-Refundable', 0),
('MAA-142', 'Chennai', 'Goa', 0, 1500, 'Economy', 6, '6:20', '13:50', 'Spicejet', 'MAA', 'GOI', 'Refundable', 0),
('MAA-143', 'Chennai', 'Goa', 0, 2318, 'Economy', 6, '9:55', '16:15', 'Spicejet', 'MAA', 'GOI', 'Refundable', 0),
('MAA-144', 'Chennai', 'Goa', 0, 3015, 'Economy', 8, '5:00', '12:30', 'AirIndia', 'MAA', 'GOI', 'Refundable', 0),
('MAA-145', 'Chennai', 'Goa', 0, 2015, 'Economy', 23, '20:05', '05:40', 'AirIndia', 'MAA', 'GOI', 'Non-Refundable', 0),
('MAA-146', 'Chennai', 'Goa', 0, 2700, 'Economy', 15, '19:30', '02:15', 'AirIndia', 'MAA', 'GOI', 'Refundable', 0),
('MAA-147', 'Chennai', 'Goa', 0, 2000, 'Economy', 16, '17:00', '06:40', 'AirIndia', 'MAA', 'GOI', 'Non-Refundable', 0),
('MAA-148', 'Chennai', 'Goa', 0, 10400, 'Economy', 6, '19:25', '09:50', 'Jet Airways', 'MAA', 'GOI', 'Refundable', 0),
('MAA-149', 'Chennai', 'Goa', 0, 2726, 'Economy', 15, '06:20', '14:50', 'Jet Airways', 'MAA', 'GOI', 'Refundable', 0),
('MAA-150', 'Chennai', 'Goa', 0, 3000, 'Economy', 2, '06:35', '15:10', 'Vistara', 'MAA', 'GOI', 'Non-Refundable', 0),
('MAA-151', 'Chennai', 'Goa', 0, 12500, 'Business', 5, '5:00', '6:30', 'AirIndia', 'MAA', 'GOI', 'Non-Refundable', 0),
('MAA-152', 'Chennai', 'Goa', 0, 12500, 'Business', 10, '20:05', '21:40', 'AirIndia', 'MAA', 'GOI', 'Non-Refundable', 0),
('MAA-153', 'Chennai', 'Goa', 0, 12500, 'Business', 4, '16:30', '18:15', 'AirIndia', 'MAA', 'GOI', 'Non-Refundable', 0),
('MAA-154', 'Chennai', 'Goa', 0, 24900, 'Business', 3, '7:00', '18:40', 'AirIndia', 'MAA', 'GOI', 'Non-Refundable', 0),
('MAA-155', 'Chennai', 'Goa', 0, 24900, 'Business', 9, '8:00', '6:40', 'AirIndia', 'MAA', 'GOI', 'Non-Refundable', 0),
('MAA-156', 'Chennai', 'Goa', 0, 16200, 'Business', 2, '6:35', '8:10', 'Vistara', 'MAA', 'GOI', 'Non-Refundable', 0),
('MAA-157', 'Chennai', 'Goa', 0, 16200, 'Business', 6, '8:15', '10:00', 'Vistara', 'MAA', 'GOI', 'Non-Refundable', 0),
('MAA-158', 'Chennai', 'Goa', 0, 16200, 'Business', 10, '18:20', '20:00', 'Vistara', 'MAA', 'GOI', 'Non-Refundable', 0),
('MAA-159', 'Chennai', 'Goa', 0, 12621, 'Business', 3, '13:20', '14:50', 'Jet Airways', 'MAA', 'GOI', 'Non-Refundable', 0),
('MAA-160', 'Chennai', 'Goa', 0, 12621, 'Business', 7, '23:10', '00:35', 'Jet Airways', 'MAA', 'GOI', 'Non-Refundable', 0),
('MAA-161', 'Chennai', 'Jaipur', 0, 5500, 'Economy', 12, '18:55', '03:15', 'Spicejet', 'MAA', 'JAI', 'Non-Refundable', 0),
('MAA-162', 'Chennai', 'Jaipur', 0, 5500, 'Economy', 6, '6:20', '13:50', 'Spicejet', 'MAA', 'JAI', 'Refundable', 0),
('MAA-163', 'Chennai', 'Jaipur', 0, 5318, 'Economy', 6, '9:55', '16:15', 'Spicejet', 'MAA', 'JAI', 'Refundable', 0),
('MAA-164', 'Chennai', 'Jaipur', 0, 6015, 'Economy', 8, '5:00', '12:30', 'AirIndia', 'MAA', 'JAI', 'Refundable', 0),
('MAA-165', 'Chennai', 'Jaipur', 0, 7015, 'Economy', 23, '20:05', '05:40', 'AirIndia', 'MAA', 'JAI', 'Non-Refundable', 0),
('MAA-166', 'Chennai', 'Jaipur', 0, 7700, 'Economy', 15, '19:30', '02:15', 'AirIndia', 'MAA', 'JAI', 'Refundable', 0),
('MAA-167', 'Chennai', 'Jaipur', 0, 7000, 'Economy', 16, '17:00', '06:40', 'AirIndia', 'MAA', 'JAI', 'Non-Refundable', 0),
('MAA-168', 'Chennai', 'Jaipur', 0, 10400, 'Economy', 6, '19:25', '09:50', 'Jet Airways', 'MAA', 'JAI', 'Refundable', 0),
('MAA-169', 'Chennai', 'Jaipur', 0, 8726, 'Economy', 15, '06:20', '14:50', 'Jet Airways', 'MAA', 'JAI', 'Refundable', 0),
('MAA-170', 'Chennai', 'Jaipur', 0, 8000, 'Economy', 2, '06:35', '15:10', 'Vistara', 'MAA', 'JAI', 'Non-Refundable', 0),
('MAA-171', 'Chennai', 'Jaipur', 0, 12500, 'Business', 5, '5:00', '6:30', 'AirIndia', 'MAA', 'JAI', 'Non-Refundable', 0),
('MAA-172', 'Chennai', 'Jaipur', 0, 12500, 'Business', 10, '20:05', '21:40', 'AirIndia', 'MAA', 'JAI', 'Non-Refundable', 0),
('MAA-173', 'Chennai', 'Jaipur', 0, 12500, 'Business', 4, '16:30', '18:15', 'AirIndia', 'MAA', 'JAI', 'Non-Refundable', 0),
('MAA-174', 'Chennai', 'Jaipur', 0, 24900, 'Business', 3, '7:00', '18:40', 'AirIndia', 'MAA', 'JAI', 'Non-Refundable', 0),
('MAA-175', 'Chennai', 'Jaipur', 0, 24900, 'Business', 9, '8:00', '6:40', 'AirIndia', 'MAA', 'JAI', 'Non-Refundable', 0),
('MAA-176', 'Chennai', 'Jaipur', 0, 16200, 'Business', 2, '6:35', '8:10', 'Vistara', 'MAA', 'JAI', 'Non-Refundable', 0),
('MAA-177', 'Chennai', 'Jaipur', 0, 16200, 'Business', 6, '8:15', '10:00', 'Vistara', 'MAA', 'JAI', 'Non-Refundable', 0),
('MAA-178', 'Chennai', 'Jaipur', 0, 16200, 'Business', 10, '18:20', '20:00', 'Vistara', 'MAA', 'JAI', 'Non-Refundable', 0),
('MAA-179', 'Chennai', 'Jaipur', 0, 12621, 'Business', 3, '13:20', '14:50', 'Jet Airways', 'MAA', 'JAI', 'Non-Refundable', 0),
('MAA-180', 'Chennai', 'Jaipur', 0, 12621, 'Business', 7, '23:10', '0:35', 'Jet Airways', 'MAA', 'JAI', 'Non-Refundable', 0),
('MAA-181', 'Chennai', 'Pune', 0, 5500, 'Economy', 12, '18:55', '03:15', 'Spicejet', 'MAA', 'PNQ', 'Non-Refundable', 0),
('MAA-182', 'Chennai', 'Pune', 0, 5500, 'Economy', 6, '6:20', '13:50', 'Spicejet', 'MAA', 'PNQ', 'Refundable', 0),
('MAA-183', 'Pune', 'Jaipur', 0, 5318, 'Economy', 6, '9:55', '16:15', 'Spicejet', 'MAA', 'PNQ', 'Refundable', 0),
('MAA-184', 'Chennai', 'Pune', 0, 6015, 'Economy', 8, '5:00', '12:30', 'AirIndia', 'MAA', 'PNQ', 'Refundable', 0),
('MAA-185', 'Chennai', 'Pune', 0, 7015, 'Economy', 23, '20:05', '05:40', 'AirIndia', 'MAA', 'PNQ', 'Non-Refundable', 0),
('MAA-186', 'Chennai', 'Pune', 0, 7700, 'Economy', 15, '19:30', '02:15', 'AirIndia', 'MAA', 'PNQ', 'Refundable', 0),
('MAA-187', 'Chennai', 'Pune', 0, 7000, 'Economy', 16, '17:00', '06:40', 'AirIndia', 'MAA', 'PNQ', 'Non-Refundable', 0),
('MAA-188', 'Chennai', 'Pune', 0, 10400, 'Economy', 6, '19:25', '09:50', 'Jet Airways', 'MAA', 'PNQ', 'Refundable', 0),
('MAA-189', 'Chennai', 'Pune', 0, 8726, 'Economy', 15, '06:20', '14:50', 'Jet Airways', 'MAA', 'PNQ', 'Refundable', 0),
('MAA-190', 'Chennai', 'Pune', 0, 8000, 'Economy', 2, '06:35', '15:10', 'Vistara', 'MAA', 'PNQ', 'Non-Refundable', 0),
('MAA-191', 'Chennai', 'Pune', 0, 12500, 'Business', 5, '5:00', '6:30', 'AirIndia', 'MAA', 'PNQ', 'Non-Refundable', 0),
('MAA-192', 'Chennai', 'Pune', 0, 12500, 'Business', 10, '20:05', '21:40', 'AirIndia', 'MAA', 'PNQ', 'Non-Refundable', 0),
('MAA-193', 'Chennai', 'Pune', 0, 12500, 'Business', 4, '16:30', '18:15', 'AirIndia', 'MAA', 'PNQ', 'Non-Refundable', 0),
('MAA-194', 'Chennai', 'Pune', 0, 24900, 'Business', 3, '7:00', '18:40', 'AirIndia', 'MAA', 'PNQ', 'Non-Refundable', 0),
('MAA-195', 'Chennai', 'Pune', 0, 24900, 'Business', 9, '8:00', '6:40', 'AirIndia', 'MAA', 'PNQ', 'Non-Refundable', 0),
('MAA-196', 'Chennai', 'Pune', 0, 16200, 'Business', 2, '6:35', '8:10', 'Vistara', 'MAA', 'PNQ', 'Non-Refundable', 0),
('MAA-197', 'Chennai', 'Pune', 0, 16200, 'Business', 6, '8:15', '10:00', 'Vistara', 'MAA', 'PNQ', 'Non-Refundable', 0),
('MAA-198', 'Chennai', 'Pune', 0, 16200, 'Business', 10, '18:20', '20:00', 'Vistara', 'MAA', 'PNQ', 'Non-Refundable', 0),
('MAA-199', 'Chennai', 'Pune', 0, 12621, 'Business', 3, '13:20', '14:50', 'Jet Airways', 'MAA', 'PNQ', 'Non-Refundable', 0),
('MAA-200', 'Chennai', 'Pune', 0, 12621, 'Business', 7, '23:10', '0:35', 'Jet Airways', 'MAA', 'PNQ', 'Non-Refundable', 0),
('PNQ-001', 'Pune', 'Ahmedabad', 0, 5500, 'Economy', 12, '18:55', '20:15', 'Spicejet', 'PNQ', 'AMD', 'Non-Refundable', 0),
('PNQ-002', 'Pune', 'Ahmedabad', 0, 4600, 'Economy', 6, '6:20', '7:50', 'Spicejet', 'PNQ', 'AMD', 'Refundable', 0),
('PNQ-003', 'Pune', 'Ahmedabad', 0, 3318, 'Economy', 6, '7:20', '14:15', 'Spicejet', 'PNQ', 'AMD', 'Refundable', 0),
('PNQ-004', 'Pune', 'Ahmedabad', 0, 3915, 'Economy', 8, '5:00', '6:30', 'AirIndia', 'PNQ', 'AMD', 'Refundable', 0),
('PNQ-005', 'Pune', 'Ahmedabad', 0, 3915, 'Economy', 23, '20:05', '21:40', 'AirIndia', 'PNQ', 'AMD', 'Non-Refundable', 0),
('PNQ-006', 'Pune', 'Ahmedabad', 0, 4700, 'Economy', 15, '16:30', '18:15', 'AirIndia', 'PNQ', 'AMD', 'Refundable', 0),
('PNQ-007', 'Pune', 'Ahmedabad', 0, 7000, 'Economy', 16, '17:00', '6:40', 'AirIndia', 'PNQ', 'AMD', 'Non-Refundable', 0),
('PNQ-008', 'Pune', 'Ahmedabad', 0, 4786, 'Economy', 6, '19:25', '20:50', 'Jet Airways', 'PNQ', 'AMD', 'Refundable', 0),
('PNQ-009', 'Pune', 'Ahmedabad', 0, 5786, 'Economy', 15, '13:20', '14:50', 'Jet Airways', 'PNQ', 'AMD', 'Refundable', 0),
('PNQ-010', 'Pune', 'Ahmedabad', 0, 9000, 'Economy', 2, '6:35', '8:10', 'Vistara', 'PNQ', 'AMD', 'Non-Refundable', 0),
('PNQ-011', 'Pune', 'Ahmedabad', 0, 12500, 'Business', 5, '5:00', '6:30', 'AirIndia', 'PNQ', 'AMD', 'Non-Refundable', 0),
('PNQ-012', 'Pune', 'Ahmedabad', 0, 12500, 'Business', 10, '20:05', '21:40', 'AirIndia', 'PNQ', 'AMD', 'Non-Refundable', 0),
('PNQ-013', 'Pune', 'Ahmedabad', 0, 12500, 'Business', 4, '16:30', '18:15', 'AirIndia', 'PNQ', 'AMD', 'Non-Refundable', 0),
('PNQ-014', 'Pune', 'Ahmedabad', 0, 24900, 'Business', 3, '7:00', '18:40', 'AirIndia', 'PNQ', 'AMD', 'Non-Refundable', 0),
('PNQ-015', 'Pune', 'Ahmedabad', 0, 24900, 'Business', 9, '8:00', '6:40', 'AirIndia', 'PNQ', 'AMD', 'Non-Refundable', 0),
('PNQ-016', 'Pune', 'Ahmedabad', 0, 16200, 'Business', 2, '6:35', '8:10', 'Vistara', 'PNQ', 'AMD', 'Non-Refundable', 0),
('PNQ-017', 'Pune', 'Ahmedabad', 0, 16200, 'Business', 6, '8:15', '10:00', 'Vistara', 'PNQ', 'AMD', 'Non-Refundable', 0),
('PNQ-018', 'Pune', 'Ahmedabad', 0, 16200, 'Business', 10, '18:20', '20:00', 'Vistara', 'PNQ', 'AMD', 'Non-Refundable', 0),
('PNQ-019', 'Pune', 'Ahmedabad', 0, 12621, 'Business', 3, '13:20', '14:50', 'Jet Airways', 'PNQ', 'AMD', 'Non-Refundable', 0),
('PNQ-020', 'Pune', 'Ahmedabad', 0, 12621, 'Business', 7, '23:10', '0:35', 'Jet Airways', 'PNQ', 'AMD', 'Non-Refundable', 0),
('PNQ-021', 'Pune', 'Bhopal', 0, 5500, 'Economy', 12, '18:55', '19:15', 'Spicejet', 'PNQ', 'BHO', 'Non-Refundable', 0),
('PNQ-022', 'Pune', 'Bhopal', 0, 4600, 'Economy', 6, '6:20', '7:50', 'Spicejet', 'PNQ', 'BHO', 'Refundable', 0),
('PNQ-023', 'Pune', 'Bhopal', 0, 3318, 'Economy', 6, '7:20', '14:15', 'Spicejet', 'PNQ', 'BHO', 'Refundable', 0),
('PNQ-024', 'Pune', 'Bhopal', 0, 3915, 'Economy', 8, '5:00', '6:30', 'AirIndia', 'PNQ', 'BHO', 'Refundable', 0),
('PNQ-025', 'Pune', 'Bhopal', 0, 3915, 'Economy', 23, '20:05', '21:40', 'AirIndia', 'PNQ', 'BHO', 'Non-Refundable', 0),
('PNQ-026', 'Pune', 'Bhopal', 0, 4700, 'Economy', 15, '16:30', '18:15', 'AirIndia', 'PNQ', 'BHO', 'Refundable', 0),
('PNQ-027', 'Pune', 'Bhopal', 0, 7000, 'Economy', 16, '17:00', '20:00', 'AirIndia', 'PNQ', 'BHO', 'Non-Refundable', 0),
('PNQ-028', 'Pune', 'Bhopal', 0, 4786, 'Economy', 6, '19:25', '20:50', 'Jet Airways', 'PNQ', 'BHO', 'Refundable', 0),
('PNQ-029', 'Pune', 'Bhopal', 0, 5786, 'Economy', 15, '13:20', '14:50', 'Jet Airways', 'PNQ', 'BHO', 'Refundable', 0),
('PNQ-030', 'Pune', 'Bhopal', 0, 9000, 'Economy', 2, '6:35', '8:00', 'Vistara', 'PNQ', 'BHO', 'Non-Refundable', 0),
('PNQ-031', 'Pune', 'Bhopal', 0, 12500, 'Business', 5, '5:00', '6:30', 'AirIndia', 'PNQ', 'BHO', 'Non-Refundable', 0),
('PNQ-032', 'Pune', 'Bhopal', 0, 12500, 'Business', 10, '20:05', '21:40', 'AirIndia', 'PNQ', 'BHO', 'Non-Refundable', 0),
('PNQ-033', 'Pune', 'Bhopal', 0, 12500, 'Business', 4, '16:30', '18:15', 'AirIndia', 'PNQ', 'BHO', 'Non-Refundable', 0),
('PNQ-034', 'Pune', 'Bhopal', 0, 24900, 'Business', 3, '7:00', '18:40', 'AirIndia', 'PNQ', 'BHO', 'Non-Refundable', 0),
('PNQ-035', 'Pune', 'Bhopal', 0, 24900, 'Business', 9, '8:00', '6:40', 'AirIndia', 'PNQ', 'BHO', 'Non-Refundable', 0),
('PNQ-036', 'Pune', 'Bhopal', 0, 16200, 'Business', 2, '6:35', '8:10', 'Vistara', 'PNQ', 'BHO', 'Non-Refundable', 0),
('PNQ-037', 'Pune', 'Bhopal', 0, 16200, 'Business', 6, '8:15', '10:00', 'Vistara', 'PNQ', 'BHO', 'Non-Refundable', 0),
('PNQ-038', 'Pune', 'Bhopal', 0, 16200, 'Business', 10, '18:20', '20:00', 'Vistara', 'PNQ', 'BHO', 'Non-Refundable', 0),
('PNQ-039', 'Pune', 'Bhopal', 0, 12621, 'Business', 3, '13:20', '14:50', 'Jet Airways', 'PNQ', 'BHO', 'Non-Refundable', 0),
('PNQ-040', 'Pune', 'Bhopal', 0, 12621, 'Business', 7, '23:10', '0:35', 'Jet Airways', 'PNQ', 'BHO', 'Non-Refundable', 0),
('PNQ-041', 'Pune', 'Bengaluru', 0, 6500, 'Economy', 12, '18:55', '20:15', 'Spicejet', 'PNQ', 'BLR', 'Non-Refundable', 0),
('PNQ-042', 'Pune', 'Bengaluru', 0, 6600, 'Economy', 6, '6:20', '7:50', 'Spicejet', 'PNQ', 'BLR', 'Refundable', 0),
('PNQ-043', 'Pune', 'Bengaluru', 0, 3318, 'Economy', 6, '7:20', '14:15', 'Spicejet', 'PNQ', 'BLR', 'Refundable', 0),
('PNQ-044', 'Pune', 'Bengaluru', 0, 3915, 'Economy', 8, '5:00', '6:30', 'AirIndia', 'PNQ', 'BLR', 'Refundable', 0),
('PNQ-045', 'Pune', 'Bengaluru', 0, 3915, 'Economy', 23, '20:05', '21:40', 'AirIndia', 'PNQ', 'BLR', 'Non-Refundable', 0),
('PNQ-046', 'Pune', 'Bengaluru', 0, 5700, 'Economy', 15, '16:30', '18:15', 'AirIndia', 'PNQ', 'BLR', 'Refundable', 0),
('PNQ-047', 'Pune', 'Bengaluru', 0, 7000, 'Economy', 16, '17:00', '6:40', 'AirIndia', 'PNQ', 'BLR', 'Non-Refundable', 0),
('PNQ-048', 'Pune', 'Bengaluru', 0, 6786, 'Economy', 6, '19:25', '20:50', 'Jet Airways', 'PNQ', 'BLR', 'Refundable', 0),
('PNQ-049', 'Pune', 'Bengaluru', 0, 3786, 'Economy', 15, '13:20', '14:50', 'Jet Airways', 'PNQ', 'BLR', 'Refundable', 0),
('PNQ-050', 'Pune', 'Bengaluru', 0, 4000, 'Economy', 2, '6:35', '8:10', 'Vistara', 'PNQ', 'BLR', 'Non-Refundable', 0),
('PNQ-051', 'Pune', 'Bengaluru', 0, 12500, 'Business', 5, '5:00', '6:30', 'AirIndia', 'PNQ', 'BLR', 'Non-Refundable', 0),
('PNQ-052', 'Pune', 'Bengaluru', 0, 12500, 'Business', 10, '20:05', '21:40', 'AirIndia', 'PNQ', 'BLR', 'Non-Refundable', 0),
('PNQ-053', 'Pune', 'Bengaluru', 0, 12500, 'Business', 4, '16:30', '18:15', 'AirIndia', 'PNQ', 'BLR', 'Non-Refundable', 0),
('PNQ-054', 'Pune', 'Bengaluru', 0, 24900, 'Business', 3, '7:00', '18:40', 'AirIndia', 'PNQ', 'BLR', 'Non-Refundable', 0),
('PNQ-055', 'Pune', 'Bengaluru', 0, 24900, 'Business', 9, '8:00', '6:40', 'AirIndia', 'PNQ', 'BLR', 'Non-Refundable', 0),
('PNQ-056', 'Pune', 'Bengaluru', 0, 16200, 'Business', 2, '6:35', '8:10', 'Vistara', 'PNQ', 'BLR', 'Non-Refundable', 0),
('PNQ-057', 'Pune', 'Bengaluru', 0, 16200, 'Business', 6, '8:15', '10:00', 'Vistara', 'PNQ', 'BLR', 'Non-Refundable', 0),
('PNQ-058', 'Pune', 'Bengaluru', 0, 16200, 'Business', 10, '18:20', '20:00', 'Vistara', 'PNQ', 'BLR', 'Non-Refundable', 0),
('PNQ-059', 'Pune', 'Bengaluru', 0, 12621, 'Business', 3, '13:20', '14:50', 'Jet Airways', 'PNQ', 'BLR', 'Non-Refundable', 0),
('PNQ-060', 'Pune', 'Bengaluru', 0, 12621, 'Business', 7, '23:10', '0:35', 'Jet Airways', 'PNQ', 'BLR', 'Non-Refundable', 0),
('PNQ-061', 'Pune', 'Mumbai', 0, 2500, 'Economy', 12, '18:55', '20:15', 'Spicejet', 'PNQ', 'BOM', 'Non-Refundable', 0),
('PNQ-062', 'Pune', 'Mumbai', 0, 2600, 'Economy', 6, '6:20', '7:50', 'Spicejet', 'PNQ', 'BOM', 'Refundable', 0),
('PNQ-063', 'Pune', 'Mumbai', 0, 2318, 'Economy', 6, '7:20', '14:15', 'Spicejet', 'PNQ', 'BOM', 'Refundable', 0),
('PNQ-064', 'Pune', 'Mumbai', 0, 1915, 'Economy', 8, '5:00', '6:30', 'AirIndia', 'PNQ', 'BOM', 'Refundable', 0),
('PNQ-065', 'Pune', 'Mumbai', 0, 1915, 'Economy', 23, '20:05', '21:40', 'AirIndia', 'PNQ', 'BOM', 'Non-Refundable', 0),
('PNQ-066', 'Pune', 'Mumbai', 0, 1470, 'Economy', 15, '16:30', '18:15', 'AirIndia', 'PNQ', 'BOM', 'Refundable', 0),
('PNQ-067', 'Pune', 'Mumbai', 0, 1700, 'Economy', 16, '17:00', '6:40', 'AirIndia', 'PNQ', 'BOM', 'Non-Refundable', 0),
('PNQ-068', 'Pune', 'Mumbai', 0, 1478, 'Economy', 6, '19:25', '20:50', 'Jet Airways', 'PNQ', 'BOM', 'Refundable', 0),
('PNQ-069', 'Pune', 'Mumbai', 0, 1578, 'Economy', 15, '13:20', '14:50', 'Jet Airways', 'PNQ', 'BOM', 'Refundable', 0),
('PNQ-070', 'Pune', 'Mumbai', 0, 900, 'Economy', 2, '6:35', '8:10', 'Vistara', 'PNQ', 'BOM', 'Non-Refundable', 0),
('PNQ-071', 'Pune', 'Mumbai', 0, 12500, 'Business', 5, '5:00', '6:30', 'AirIndia', 'PNQ', 'BOM', 'Non-Refundable', 0),
('PNQ-072', 'Pune', 'Mumbai', 0, 12500, 'Business', 10, '20:05', '21:40', 'AirIndia', 'PNQ', 'BOM', 'Non-Refundable', 0),
('PNQ-073', 'Pune', 'Mumbai', 0, 12500, 'Business', 4, '16:30', '18:15', 'AirIndia', 'PNQ', 'BOM', 'Non-Refundable', 0),
('PNQ-074', 'Pune', 'Mumbai', 0, 24900, 'Business', 3, '7:00', '18:40', 'AirIndia', 'PNQ', 'BOM', 'Non-Refundable', 0),
('PNQ-075', 'Pune', 'Mumbai', 0, 24900, 'Business', 9, '8:00', '6:40', 'AirIndia', 'PNQ', 'BOM', 'Non-Refundable', 0),
('PNQ-076', 'Pune', 'Mumbai', 0, 16200, 'Business', 2, '6:35', '8:10', 'Vistara', 'PNQ', 'BOM', 'Non-Refundable', 0),
('PNQ-077', 'Pune', 'Mumbai', 0, 16200, 'Business', 6, '8:15', '10:00', 'Vistara', 'PNQ', 'BOM', 'Non-Refundable', 0),
('PNQ-078', 'Pune', 'Mumbai', 0, 16200, 'Business', 10, '18:20', '20:00', 'Vistara', 'PNQ', 'BOM', 'Non-Refundable', 0),
('PNQ-079', 'Pune', 'Mumbai', 0, 12621, 'Business', 3, '13:20', '14:50', 'Jet Airways', 'PNQ', 'BOM', 'Non-Refundable', 0),
('PNQ-080', 'Pune', 'Mumbai', 0, 12621, 'Business', 7, '23:10', '0:35', 'Jet Airways', 'PNQ', 'BOM', 'Non-Refundable', 0),
('PNQ-081', 'Pune', 'Kolkata', 0, 5500, 'Economy', 12, '18:55', '20:15', 'Spicejet', 'PNQ', 'CCU', 'Non-Refundable', 0),
('PNQ-082', 'Pune', 'Kolkata', 0, 4600, 'Economy', 6, '6:20', '7:50', 'Spicejet', 'PNQ', 'CCU', 'Refundable', 0),
('PNQ-083', 'Pune', 'Kolkata', 0, 3318, 'Economy', 6, '7:20', '14:15', 'Spicejet', 'PNQ', 'CCU', 'Refundable', 0),
('PNQ-084', 'Pune', 'Kolkata', 0, 3915, 'Economy', 8, '5:00', '6:30', 'AirIndia', 'PNQ', 'CCU', 'Refundable', 0),
('PNQ-085', 'Pune', 'Kolkata', 0, 3915, 'Economy', 23, '20:05', '21:40', 'AirIndia', 'PNQ', 'CCU', 'Non-Refundable', 0),
('PNQ-086', 'Pune', 'Kolkata', 0, 4700, 'Economy', 15, '16:30', '18:15', 'AirIndia', 'PNQ', 'CCU', 'Refundable', 0),
('PNQ-087', 'Pune', 'Kolkata', 0, 7000, 'Economy', 16, '17:00', '6:40', 'AirIndia', 'PNQ', 'CCU', 'Non-Refundable', 0),
('PNQ-088', 'Pune', 'Kolkata', 0, 4786, 'Economy', 6, '19:25', '20:50', 'Jet Airways', 'PNQ', 'CCU', 'Refundable', 0),
('PNQ-089', 'Pune', 'Kolkata', 0, 5786, 'Economy', 15, '13:20', '14:50', 'Jet Airways', 'PNQ', 'CCU', 'Refundable', 0),
('PNQ-090', 'Pune', 'Kolkata', 0, 9000, 'Economy', 2, '6:35', '8:10', 'Vistara', 'PNQ', 'CCU', 'Non-Refundable', 0),
('PNQ-091', 'Pune', 'Kolkata', 0, 12500, 'Business', 5, '5:00', '6:30', 'AirIndia', 'PNQ', 'CCU', 'Non-Refundable', 0),
('PNQ-092', 'Pune', 'Kolkata', 0, 12500, 'Business', 10, '20:05', '21:40', 'AirIndia', 'PNQ', 'CCU', 'Non-Refundable', 0),
('PNQ-093', 'Pune', 'Kolkata', 0, 12500, 'Business', 4, '16:30', '18:15', 'AirIndia', 'PNQ', 'CCU', 'Non-Refundable', 0),
('PNQ-094', 'Pune', 'Kolkata', 0, 24900, 'Business', 3, '7:00', '18:40', 'AirIndia', 'PNQ', 'CCU', 'Non-Refundable', 0),
('PNQ-095', 'Pune', 'Kolkata', 0, 24900, 'Business', 9, '8:00', '6:40', 'AirIndia', 'PNQ', 'CCU', 'Non-Refundable', 0),
('PNQ-096', 'Pune', 'Kolkata', 0, 16200, 'Business', 2, '6:35', '8:10', 'Vistara', 'PNQ', 'CCU', 'Non-Refundable', 0),
('PNQ-097', 'Pune', 'Kolkata', 0, 16200, 'Business', 6, '8:15', '10:00', 'Vistara', 'PNQ', 'CCU', 'Non-Refundable', 0),
('PNQ-098', 'Pune', 'Kolkata', 0, 16200, 'Business', 10, '18:20', '20:00', 'Vistara', 'PNQ', 'CCU', 'Non-Refundable', 0),
('PNQ-099', 'Pune', 'Kolkata', 0, 12621, 'Business', 3, '13:20', '14:50', 'Jet Airways', 'PNQ', 'CCU', 'Non-Refundable', 0),
('PNQ-100', 'Pune', 'Kolkata', 0, 12621, 'Business', 7, '23:10', '0:35', 'Jet Airways', 'PNQ', 'CCU', 'Non-Refundable', 0),
('PNQ-101', 'Pune', 'New Delhi', 0, 5500, 'Economy', 12, '18:55', '20:15', 'Spicejet', 'PNQ', 'DEL', 'Non-Refundable', 0),
('PNQ-102', 'Pune', 'New Delhi', 0, 4600, 'Economy', 6, '6:20', '7:50', 'Spicejet', 'PNQ', 'DEL', 'Refundable', 0),
('PNQ-103', 'Pune', 'New Delhi', 0, 3318, 'Economy', 6, '7:20', '14:15', 'Spicejet', 'PNQ', 'DEL', 'Refundable', 0),
('PNQ-104', 'Pune', 'New Delhi', 0, 3915, 'Economy', 8, '5:00', '6:30', 'AirIndia', 'PNQ', 'DEL', 'Refundable', 0),
('PNQ-105', 'Pune', 'New Delhi', 0, 3915, 'Economy', 23, '20:05', '21:40', 'AirIndia', 'PNQ', 'DEL', 'Non-Refundable', 0),
('PNQ-106', 'Pune', 'New Delhi', 0, 4700, 'Economy', 15, '16:30', '18:15', 'AirIndia', 'PNQ', 'DEL', 'Refundable', 0),
('PNQ-107', 'Pune', 'New Delhi', 0, 7000, 'Economy', 16, '17:00', '6:40', 'AirIndia', 'PNQ', 'DEL', 'Non-Refundable', 0),
('PNQ-108', 'Pune', 'New Delhi', 0, 4786, 'Economy', 6, '19:25', '20:50', 'Jet Airways', 'PNQ', 'DEL', 'Refundable', 0),
('PNQ-109', 'Pune', 'New Delhi', 0, 5786, 'Economy', 15, '13:20', '14:50', 'Jet Airways', 'PNQ', 'DEL', 'Refundable', 0),
('PNQ-110', 'Pune', 'New Delhi', 0, 9000, 'Economy', 2, '6:35', '8:10', 'Vistara', 'PNQ', 'DEL', 'Non-Refundable', 0),
('PNQ-111', 'Pune', 'New Delhi', 0, 12500, 'Business', 5, '5:00', '6:30', 'AirIndia', 'PNQ', 'DEL', 'Non-Refundable', 0),
('PNQ-112', 'Pune', 'New Delhi', 0, 12500, 'Business', 10, '20:05', '21:40', 'AirIndia', 'PNQ', 'DEL', 'Non-Refundable', 0),
('PNQ-113', 'Pune', 'New Delhi', 0, 12500, 'Business', 4, '16:30', '18:15', 'AirIndia', 'PNQ', 'DEL', 'Non-Refundable', 0),
('PNQ-114', 'Pune', 'New Delhi', 0, 24900, 'Business', 3, '7:00', '18:40', 'AirIndia', 'PNQ', 'DEL', 'Non-Refundable', 0),
('PNQ-115', 'Pune', 'New Delhi', 0, 24900, 'Business', 9, '8:00', '6:40', 'AirIndia', 'PNQ', 'DEL', 'Non-Refundable', 0),
('PNQ-116', 'Pune', 'New Delhi', 0, 16200, 'Business', 2, '6:35', '8:10', 'Vistara', 'PNQ', 'DEL', 'Non-Refundable', 0),
('PNQ-117', 'Pune', 'New Delhi', 0, 16200, 'Business', 6, '8:15', '10:00', 'Vistara', 'PNQ', 'DEL', 'Non-Refundable', 0),
('PNQ-118', 'Pune', 'New Delhi', 0, 16200, 'Business', 10, '18:20', '20:00', 'Vistara', 'PNQ', 'DEL', 'Non-Refundable', 0),
('PNQ-119', 'Pune', 'New Delhi', 0, 12621, 'Business', 3, '13:20', '14:50', 'Jet Airways', 'PNQ', 'DEL', 'Non-Refundable', 0),
('PNQ-120', 'Pune', 'New Delhi', 0, 12621, 'Business', 7, '23:10', '00:35', 'Jet Airways', 'PNQ', 'DEL', 'Non-Refundable', 0),
('PNQ-121', 'Pune', 'Guwahati', 0, 9000, 'Economy', 12, '3:55', '8:20', 'IndiGo', 'PNQ', 'GAU', 'Non-Refundable', 0),
('PNQ-122', 'Pune', 'Guwahati', 0, 11000, 'Economy', 6, '4:20', '11:45', 'IndiGo', 'PNQ', 'GAU', 'Refundable', 0),
('PNQ-123', 'Pune', 'Guwahati', 0, 12000, 'Economy', 6, '3:55', '11:45', 'Jet Airways', 'PNQ', 'GAU', 'Refundable', 0),
('PNQ-124', 'Pune', 'Guwahati', 0, 12880, 'Economy', 8, '5:15', '12:45', 'Vistara', 'PNQ', 'GAU', 'Refundable', 0),
('PNQ-125', 'Pune', 'Guwahati', 0, 12880, 'Economy', 17, '13:10', '12:45', 'IndiGo', 'PNQ', 'GAU', 'Non-Refundable', 6),
('PNQ-126', 'Pune', 'Guwahati', 0, 12880, 'Economy', 12, '20:10', '12:45', 'IndiGo', 'PNQ', 'GAU', 'Refundable', 3),
('PNQ-127', 'Pune', 'Guwahati', 0, 13400, 'Economy', 6, '15:55', '18:40', 'IndiGo', 'PNQ', 'GAU', 'Non-Refundable', 10),
('PNQ-128', 'Pune', 'Guwahati', 0, 13510, 'Economy', 6, '11:25', '18:40', 'GoAir', 'PNQ', 'GAU', 'Refundable', 0),
('PNQ-129', 'Pune', 'Guwahati', 0, 13510, 'Economy', 7, '05:30', '12:10', 'Jet Airways', 'PNQ', 'GAU', 'Refundable', 8),
('PNQ-130', 'Pune', 'Guwahati', 0, 7000, 'Economy', 2, '00:40', '08:15', 'AirIndia', 'PNQ', 'GAU', 'Non-Refundable', 0),
('PNQ-131', 'Pune', 'Guwahati', 0, 31295, 'Business', 5, '3:55', '11:45', 'Jet Airways', 'PNQ', 'GAU', 'Non-Refundable', 0),
('PNQ-132', 'Pune', 'Guwahati', 0, 31295, 'Business', 10, '3:55', '18:40', 'Jet Airways', 'PNQ', 'GAU', 'Non-Refundable', 0),
('PNQ-133', 'Pune', 'Guwahati', 0, 33717, 'Business', 4, '5:15', '12:45', 'Vistara', 'PNQ', 'GAU', 'Non-Refundable', 0),
('PNQ-134', 'Pune', 'Guwahati', 0, 33717, 'Business', 3, '13:10', '12:45', 'Vistara', 'PNQ', 'GAU', 'Non-Refundable', 0),
('PNQ-135', 'Pune', 'Guwahati', 0, 33717, 'Business', 9, '20:10', '12:45', 'Vistara', 'PNQ', 'GAU', 'Non-Refundable', 0),
('PNQ-136', 'Pune', 'Guwahati', 0, 40515, 'Business', 2, '3:55', '8:20', 'AirIndia', 'PNQ', 'GAU', 'Non-Refundable', 0),
('PNQ-137', 'Pune', 'Guwahati', 0, 40515, 'Business', 6, '7:40', '12:00', 'AirIndia', 'PNQ', 'GAU', 'Non-Refundable', 0),
('PNQ-138', 'Pune', 'Guwahati', 0, 40615, 'Business', 10, '18:50', '12:00', 'AirIndia', 'PNQ', 'GAU', 'Non-Refundable', 0),
('PNQ-139', 'Pune', 'Guwahati', 0, 43270, 'Business', 3, '22:00', '12:00', 'Jet Airways', 'PNQ', 'GAU', 'Non-Refundable', 0),
('PNQ-140', 'Pune', 'Guwahati', 0, 54700, 'Business', 7, '7:50', '12:20', 'Jet Airways', 'PNQ', 'GAU', 'Non-Refundable', 0),
('PNQ-141', 'Pune', 'Goa', 0, 5500, 'Economy', 12, '12:20', '13:20', 'Spicejet', 'PNQ', 'GOI', 'Non-Refundable', 0),
('PNQ-142', 'Pune', 'Goa', 0, 4600, 'Economy', 6, '13:10', '13:45', 'Spicejet', 'PNQ', 'GOI', 'Refundable', 0),
('PNQ-143', 'Pune', 'Goa', 0, 3318, 'Economy', 6, '11:50', '12:45', 'Spicejet', 'PNQ', 'GOI', 'Refundable', 0),
('PNQ-144', 'Pune', 'Goa', 0, 3915, 'Economy', 8, '15:05', '18:15', 'AirIndia', 'PNQ', 'GOI', 'Refundable', 0),
('PNQ-145', 'Pune', 'Goa', 0, 3915, 'Economy', 23, '07:40', '13:13', 'AirIndia', 'PNQ', 'GOI', 'Non-Refundable', 0),
('PNQ-146', 'Pune', 'Goa', 0, 4700, 'Economy', 15, '17:35', '03:45', 'AirIndia', 'PNQ', 'GOI', 'Refundable', 0),
('PNQ-147', 'Pune', 'Goa', 0, 7000, 'Economy', 16, '17:45', '16:35', 'AirIndia', 'PNQ', 'GOI', 'Non-Refundable', 0),
('PNQ-148', 'Pune', 'Goa', 0, 4786, 'Economy', 6, '10:00', '15:00', 'Jet Airways', 'PNQ', 'GOI', 'Refundable', 0),
('PNQ-149', 'Pune', 'Goa', 0, 5786, 'Economy', 15, '20:10', '21:20', 'Jet Airways', 'PNQ', 'GOI', 'Refundable', 0),
('PNQ-150', 'Pune', 'Goa', 0, 9000, 'Economy', 2, '5:15', '21:20', 'Vistara', 'PNQ', 'GOI', 'Non-Refundable', 0),
('PNQ-151', 'Pune', 'Goa', 0, 12500, 'Business', 5, '11:50', '12:50', 'AirIndia', 'PNQ', 'GOI', 'Non-Refundable', 0),
('PNQ-152', 'Pune', 'Goa', 0, 12500, 'Business', 10, '15:05', '18:15', 'AirIndia', 'PNQ', 'GOI', 'Non-Refundable', 0),
('PNQ-153', 'Pune', 'Goa', 0, 12500, 'Business', 4, '7:40', '13:30', 'AirIndia', 'PNQ', 'GOI', 'Non-Refundable', 0),
('PNQ-154', 'Pune', 'Goa', 0, 24900, 'Business', 3, '18:50', '13:30', 'AirIndia', 'PNQ', 'GOI', 'Non-Refundable', 0),
('PNQ-155', 'Pune', 'Goa', 0, 24900, 'Business', 9, '17:35', '3:45', 'AirIndia', 'PNQ', 'GOI', 'Non-Refundable', 0),
('PNQ-156', 'Pune', 'Goa', 0, 16200, 'Business', 2, '17:35', '6:45', 'Vistara', 'PNQ', 'GOI', 'Non-Refundable', 0),
('PNQ-157', 'Pune', 'Goa', 0, 16200, 'Business', 6, '17:35', '17:50', 'Vistara', 'PNQ', 'GOI', 'Non-Refundable', 0),
('PNQ-158', 'Pune', 'Goa', 0, 16200, 'Business', 10, '5:15', '21:20', 'Vistara', 'PNQ', 'GOI', 'Non-Refundable', 0),
('PNQ-159', 'Pune', 'Goa', 0, 12621, 'Business', 3, '13:10', '21:20', 'Jet Airways', 'PNQ', 'GOI', 'Non-Refundable', 0),
('PNQ-160', 'Pune', 'Goa', 0, 12621, 'Business', 7, '20:10', '13:45', 'Jet Airways', 'PNQ', 'GOI', 'Non-Refundable', 0),
('PNQ-161', 'Pune', 'Jaipur', 0, 5500, 'Economy', 12, '18:55', '03:15', 'Spicejet', 'PNQ', 'JAI', 'Non-Refundable', 0),
('PNQ-162', 'Pune', 'Jaipur', 0, 5500, 'Economy', 6, '6:20', '13:50', 'Spicejet', 'PNQ', 'JAI', 'Refundable', 0),
('PNQ-163', 'Pune', 'Jaipur', 0, 5318, 'Economy', 6, '9:55', '16:15', 'Spicejet', 'PNQ', 'JAI', 'Refundable', 0),
('PNQ-164', 'Pune', 'Jaipur', 0, 6015, 'Economy', 8, '5:00', '12:30', 'AirIndia', 'PNQ', 'JAI', 'Refundable', 0),
('PNQ-165', 'Pune', 'Jaipur', 0, 7015, 'Economy', 23, '20:05', '05:40', 'AirIndia', 'PNQ', 'JAI', 'Non-Refundable', 0),
('PNQ-166', 'Pune', 'Jaipur', 0, 7700, 'Economy', 15, '19:30', '02:15', 'AirIndia', 'PNQ', 'JAI', 'Refundable', 0),
('PNQ-167', 'Pune', 'Jaipur', 0, 7000, 'Economy', 16, '17:00', '06:40', 'AirIndia', 'PNQ', 'JAI', 'Non-Refundable', 0),
('PNQ-168', 'Pune', 'Jaipur', 0, 10400, 'Economy', 6, '19:25', '09:50', 'Jet Airways', 'PNQ', 'JAI', 'Refundable', 0),
('PNQ-169', 'Pune', 'Jaipur', 0, 8726, 'Economy', 15, '06:20', '14:50', 'Jet Airways', 'PNQ', 'JAI', 'Refundable', 0),
('PNQ-170', 'Pune', 'Jaipur', 0, 8000, 'Economy', 2, '06:35', '15:10', 'Vistara', 'PNQ', 'JAI', 'Non-Refundable', 0),
('PNQ-171', 'Pune', 'Jaipur', 0, 12500, 'Business', 5, '5:00', '6:30', 'AirIndia', 'PNQ', 'JAI', 'Non-Refundable', 0),
('PNQ-172', 'Pune', 'Jaipur', 0, 12500, 'Business', 10, '20:05', '21:40', 'AirIndia', 'PNQ', 'JAI', 'Non-Refundable', 0),
('PNQ-173', 'Pune', 'Jaipur', 0, 12500, 'Business', 4, '16:30', '18:15', 'AirIndia', 'PNQ', 'JAI', 'Non-Refundable', 0),
('PNQ-174', 'Pune', 'Jaipur', 0, 24900, 'Business', 3, '7:00', '18:40', 'AirIndia', 'PNQ', 'JAI', 'Non-Refundable', 0),
('PNQ-175', 'Pune', 'Jaipur', 0, 24900, 'Business', 9, '8:00', '6:40', 'AirIndia', 'PNQ', 'JAI', 'Non-Refundable', 0),
('PNQ-176', 'Pune', 'Jaipur', 0, 16200, 'Business', 2, '6:35', '8:10', 'Vistara', 'PNQ', 'JAI', 'Non-Refundable', 0),
('PNQ-177', 'Pune', 'Jaipur', 0, 16200, 'Business', 6, '8:15', '10:00', 'Vistara', 'PNQ', 'JAI', 'Non-Refundable', 0),
('PNQ-178', 'Pune', 'Jaipur', 0, 16200, 'Business', 10, '18:20', '20:00', 'Vistara', 'PNQ', 'JAI', 'Non-Refundable', 0),
('PNQ-179', 'Pune', 'Jaipur', 0, 12621, 'Business', 3, '13:20', '14:50', 'Jet Airways', 'PNQ', 'JAI', 'Non-Refundable', 0),
('PNQ-180', 'Pune', 'Jaipur', 0, 12621, 'Business', 7, '23:10', '0:35', 'Jet Airways', 'PNQ', 'JAI', 'Non-Refundable', 0),
('PNQ-181', 'Pune', 'Chennai', 0, 7500, 'Economy', 12, '18:55', '20:00', 'Spicejet', 'PNQ', 'MAA', 'Non-Refundable', 0),
('PNQ-182', 'Pune', 'Chennai', 0, 4600, 'Economy', 6, '6:20', '7:50', 'Spicejet', 'PNQ', 'MAA', 'Refundable', 0),
('PNQ-183', 'Pune', 'Chennai', 0, 3318, 'Economy', 6, '7:20', '8:15', 'Spicejet', 'PNQ', 'MAA', 'Refundable', 0),
('PNQ-184', 'Pune', 'Chennai', 0, 7915, 'Economy', 8, '5:00', '6:30', 'AirIndia', 'PNQ', 'MAA', 'Refundable', 0),
('PNQ-185', 'Pune', 'Chennai', 0, 7915, 'Economy', 23, '20:05', '21:10', 'AirIndia', 'PNQ', 'MAA', 'Non-Refundable', 0),
('PNQ-186', 'Pune', 'Chennai', 0, 7700, 'Economy', 15, '16:30', '18:00', 'AirIndia', 'PNQ', 'MAA', 'Refundable', 0),
('PNQ-187', 'Pune', 'Chennai', 0, 7000, 'Economy', 16, '17:00', '18:00', 'AirIndia', 'PNQ', 'MAA', 'Non-Refundable', 0),
('PNQ-188', 'Pune', 'Chennai', 0, 5786, 'Economy', 6, '19:25', '20:50', 'Jet Airways', 'PNQ', 'MAA', 'Refundable', 0),
('PNQ-189', 'Pune', 'Chennai', 0, 3776, 'Economy', 15, '13:20', '14:50', 'Jet Airways', 'PNQ', 'MAA', 'Refundable', 0),
('PNQ-190', 'Pune', 'Chennai', 0, 9238, 'Economy', 2, '6:35', '8:10', 'Vistara', 'PNQ', 'MAA', 'Non-Refundable', 0),
('PNQ-191', 'Pune', 'Chennai', 0, 12500, 'Business', 5, '5:00', '6:30', 'AirIndia', 'PNQ', 'MAA', 'Non-Refundable', 0),
('PNQ-192', 'Pune', 'Chennai', 0, 12500, 'Business', 10, '20:05', '21:40', 'AirIndia', 'PNQ', 'MAA', 'Non-Refundable', 0),
('PNQ-193', 'Pune', 'Chennai', 0, 12500, 'Business', 4, '16:30', '18:15', 'AirIndia', 'PNQ', 'MAA', 'Non-Refundable', 0),
('PNQ-194', 'Pune', 'Chennai', 0, 14900, 'Business', 3, '7:00', '18:40', 'AirIndia', 'PNQ', 'MAA', 'Non-Refundable', 0),
('PNQ-195', 'Pune', 'Chennai', 0, 14900, 'Business', 9, '8:00', '6:40', 'AirIndia', 'PNQ', 'MAA', 'Non-Refundable', 0),
('PNQ-196', 'Pune', 'Chennai', 0, 36200, 'Business', 2, '6:35', '8:10', 'Vistara', 'PNQ', 'MAA', 'Non-Refundable', 0),
('PNQ-197', 'Pune', 'Chennai', 0, 16200, 'Business', 6, '8:15', '10:00', 'Vistara', 'PNQ', 'MAA', 'Non-Refundable', 0),
('PNQ-198', 'Pune', 'Chennai', 0, 16200, 'Business', 10, '18:20', '20:00', 'Vistara', 'PNQ', 'MAA', 'Non-Refundable', 0),
('PNQ-199', 'Pune', 'Chennai', 0, 12621, 'Business', 3, '13:20', '14:50', 'Jet Airways', 'PNQ', 'MAA', 'Non-Refundable', 0),
('PNQ-200', 'Pune', 'Chennai', 0, 12621, 'Business', 7, '23:10', '0:35', 'Jet Airways', 'PNQ', 'MAA', 'Non-Refundable', 0),
('UK-189', 'New Delhi', 'Pune', 0, 8142, 'Economy', 15, '20:35', '23:30', 'Vistara', 'DEL', 'PNQ', 'Refundable', 0);


SELECT * FROM Flight
WHERE airline = 'Pune' AND Destination_airport = 'Chennai' AND refundable = 'Refundable'
ORDER BY Departure_TIME,price;

SELECT COUNT(class) as BusinessClassCount FROM Flight
WHERE class = 'Business' AND airline = 'Guwahati' AND Destination_airport = 'Kolkata';

SELECT status, COUNT(*) AS Total_Flights 
FROM Flight 
GROUP BY status;


CREATE TABLE Payment_Accommodation (
    payment_id INT PRIMARY KEY,
    accommodation_id VARCHAR(20),
    amount DECIMAL(10,0),
    payment_date DATE,
    FOREIGN KEY (accommodation_id) REFERENCES Accommodation(accommodation_id)
);

INSERT INTO Payment_Accommodation (payment_id, accommodation_id, amount, payment_date) 
VALUES 
(1, 'BLR001', 5000, '2024-10-01'),
(2, 'BLR002', 4000, '2024-10-02'),
(3, 'BLR003', 6000, '2024-10-03'),
(4, 'BLR004', 3500, '2024-10-04'),
(5, 'BLR005', 4500, '2024-10-05'),
(6, 'BLR006', 7000, '2024-10-06'),
(7, 'BLR007', 5500, '2024-10-07'),
(8, 'BLR008', 8000, '2024-10-08'),
(9, 'BLR009', 3000, '2024-10-09'),
(10, 'BLR010', 7500, '2024-10-10');

SELECT COUNT(*) 
FROM Payment_Accommodation;

SELECT MONTH(payment_date) AS Month, COUNT(*) AS Total_Payments 
FROM Payment_Accommodation 
GROUP BY MONTH(payment_date);

CREATE TABLE Payment_Flight (
    payment_id INT PRIMARY KEY,
    flight_id VARCHAR(20),
    amount DECIMAL(10,0),
    payment_date DATE,
    FOREIGN KEY (flight_id) REFERENCES Flight(flight_id)
);
INSERT INTO Payment_Flight (payment_id, flight_id, amount, payment_date) 
VALUES 
(1, 'DEL-001', 15000, '2024-09-01'),
(2, 'DEL-002', 18000, '2024-09-02'),
(3, 'DEL-003', 22000, '2024-09-03'),
(4, 'DEL-004', 25000, '2024-09-04'),
(5, 'DEL-005', 16000, '2024-09-05'),
(6, 'DEL-006', 23000, '2024-09-06'),
(7, 'DEL-007', 20000, '2024-09-07'),
(8, 'DEL-008', 17500, '2024-09-08'),
(9, 'DEL-009', 19000, '2024-09-09'),
(10, 'GOA-001', 21000, '2024-09-10');

SELECT flight_id, COUNT(*) AS Total_Payments 
FROM Payment_Flight 
GROUP BY flight_id;

CREATE TABLE Payment_Activity (
    payment_id INT PRIMARY KEY,
    activity_id INT,
    amount DECIMAL(10,0),
    payment_date DATE,
    FOREIGN KEY (activity_id) REFERENCES Activity(activity_id)
);

INSERT INTO Payment_Activity (payment_id, activity_id, amount, payment_date) 
VALUES 
(1, 1, 4000, '2024-10-15'),
(2, 2, 5000, '2024-10-16'),
(3, 3, 7000, '2024-10-17'),
(4, 4, 8500, '2024-10-18'),
(5, 5, 6500, '2024-10-19'),
(6, 6, 6000, '2024-10-20'),
(7, 7, 10000, '2024-10-21'),
(8, 8, 3500, '2024-10-22'),
(9, 9, 5500, '2024-10-23'),
(10, 10, 9500, '2024-10-24'),
(11, 11, 4000, '2024-10-25'),
(12, 12, 6000, '2024-10-26'),
(13, 13, 5000, '2024-10-27'),
(14, 14, 4500, '2024-10-28'),
(15, 15, 7000, '2024-10-29'),
(16, 16, 3000, '2024-10-30'),
(17, 17, 9000, '2024-10-31'),
(18, 18, 12000, '2024-11-01'),
(19, 19, 8000, '2024-11-02'),
(20, 20, 15000, '2024-11-03');


CREATE TABLE Languages(
    LanguageID INT PRIMARY KEY,
    LanguageName VARCHAR(20)
);

INSERT INTO Languages(LanguageID, LanguageName)
VALUES
(1,  'English' ),
(2,  'Hindi ');

SELECT COUNT(*) 
FROM Languages;

CREATE TABLE Categories(
    CategoryID INT PRIMARY KEY,
    Category VARCHAR(100)
);

INSERT INTO Categories(CategoryID, Category)
VALUES
(1, 'Wildlife' ),
(2, 'Hillstation' ),
(3, 'Pilgrimage '),
(4, 'Heritage'),
(5, 'Beach '),
(6, 'Trekking');

CREATE TABLE Location(
    LocationID INT PRIMARY KEY,
    Location VARCHAR(100)
);

INSERT INTO Location(LocationID, Location)
VALUES
(1, 'Himalayan Treks, Manali Valley'),
(2, 'Jaipur Forts, Udaipur Palaces'),
(3, 'Jim Corbett, Kaziranga National Park'),
(4, 'Hampi, Madurai Meenakshi Temple'),
(5, 'Mumbai, Pune, Nashik'),
(6, 'Khajuraho, Konark Sun Temple'),
(7, 'Thar Desert, Jaisalmer'),
(8, 'Goa, Kerala Backwaters'),
(9, 'Munnar, Wayanad'),
(10, 'Taj Mahal, Qutub Minar'),
(11, 'Rishikesh, Zanskar River'),
(12, 'Hyderabad, Charminar'),
(13, 'Shimla, Leh-Ladakh'),
(14, 'Kolkata, West Bengal'),
(15, 'Shillong, Tawang'),
(16, 'Ranthambore, Sunderbans'),
(17, 'Palace on Wheels, Rajasthan'),
(18, 'Delhi, Mumbai, Kolkata Street Food'),
(19, 'Golden Temple, Anandpur Sahib'),
(20, 'Rajasthan Rural Villages'),
(21, 'Kullu, Spiti Valley'),
(22, 'Varanasi Ghats, Sarnath'),
(23, 'Bharatpur Bird Sanctuary, Sunderbans'),
(24, 'Delhi, Mumbai'),
(25, 'Nanda Devi, Har Ki Dun'),
(26, 'Pushkar Fair, Kumbh Mela'),
(27, 'Ajanta, Ellora Caves'),
(28, 'Rishikesh, Kerala Wellness Retreats'),
(29, 'Kolkata Street Food, Victoria Memorial'),
(30, 'Kudremukh, Mullayanagiri'),
(31, 'Delhi, Humayun’s Tomb'),
(32, 'Rishikesh, Zanskar River'),
(33, 'Periyar Wildlife Sanctuary, Wayanad'),
(34, 'Leh-Ladakh, Himachal Pradesh'),
(35, 'Chennai Music Festival, South India'),
(36, 'Khajuraho, Konark Sun Temple'),
(37, 'Rann of Kutch, Gir Forest'),
(38, 'Raigad Fort, Sindhudurg Fort'),
(39, 'Delhi, Mumbai, Kolkata Street Food'),
(40, 'Golden Temple, Anandpur Sahib'),
(41, 'Mussoorie, Dalhousie'),
(42, 'Haridwar, Badrinath'),
(43, 'Ranthambore, Kanha National Park'),
(44, 'Alleppey, Kumarakom'),
(45, 'Udaipur Palace, Jodhpur Fort'),
(46, 'Goa, Jaipur'),
(47, 'Palace on Wheels, Taj Lake Palace'),
(48, 'Sundarbans, Western Ghats'),
(49, 'Leh-Ladakh, Rajasthan'),
(50, 'Jaipur Forts, Mysore Palace');

CREATE TABLE TourGuide (
    GuideID INT PRIMARY KEY,     
    GuideName VARCHAR(255),                      
    Biography TEXT,                              
    Availability DATE,                          
    ContactInfo VARCHAR(255),                                            
    PhotoUrl VARCHAR(255),                       
    ToursLed TEXT,                               
    Training TEXT,                             
    Pricing DECIMAL(10, 2),
    LanguageID INT, 
    FOREIGN KEY (LanguageID) REFERENCES Languages(LanguageID),
    LocationID INT,
    FOREIGN KEY (LocationID) REFERENCES Location(LocationID)
);

INSERT INTO TourGuide(GuideID, GuideName, Biography, Availability, ContactInfo, PhotoUrl, ToursLed, Training, Pricing, LanguageID,LocationID)
VALUES
(1, 'Amit Singh', 'Expert guide specializing in Himalayan treks.', '2024-10-10', 'amit.singh@example.com', 'https://example.com/photos/amit_singh.jpg', 'Himalayan Treks, Manali Valley', 'Certified mountaineering guide', 5000.00, 1, 1),
(2, 'Priya Sharma', 'Experienced heritage tour guide in Rajasthan.', '2024-10-12', 'priya.sharma@example.com', 'https://example.com/photos/priya_sharma.jpg', 'Jaipur Forts, Udaipur Palaces', 'History and culture expert', 3000.00, 1, 2),
(3, 'Rahul Verma', 'Wildlife expert with knowledge of Indian reserves.', '2024-10-15', 'rahul.verma@example.com', 'https://example.com/photos/rahul_verma.jpg', 'Jim Corbett, Kaziranga National Park', 'Wildlife biology training', 4500.00, 1, 3),
(4, 'Sneha Iyer', 'Specialist in South Indian temple tours.', '2024-10-18', 'sneha.iyer@example.com', 'https://example.com/photos/sneha_iyer.jpg', 'Hampi, Madurai Meenakshi Temple', 'Cultural and religious studies', 3500.00, 2, 4),
(5, 'Ravi Gupta', 'Tour guide for major cities and urban tourism.', '2024-10-20', 'ravi.gupta@example.com', 'https://example.com/photos/ravi_gupta.jpg', 'Delhi, Mumbai, Bangalore', 'Urban geography', 4000.00, 1, 5),
(6, 'Anita Desai', 'Specializes in art and architecture tours.', '2024-10-22', 'anita.desai@example.com', 'https://example.com/photos/anita_desai.jpg', 'Khajuraho Temples, Ajanta Caves', 'Art history and architecture', 3700.00, 2, 6),
(7, 'Vikram Patel', 'Guide for desert safaris and camel tours.', '2024-10-24', 'vikram.patel@example.com', 'https://example.com/photos/vikram_patel.jpg', 'Thar Desert, Jaisalmer', 'Desert survival training', 3200.00, 1, 7),
(8, 'Lakshmi Rao', 'Tourist guide for coastal regions of India.', '2024-10-25', 'lakshmi.rao@example.com', 'https://example.com/photos/lakshmi_rao.jpg', 'Goa Beaches, Kerala Backwaters', 'Marine biology and conservation', 4500.00, 2, 8),
(9, 'Suresh Nair', 'Expert in spice plantation tours in Kerala.', '2024-10-28', 'suresh.nair@example.com', 'https://example.com/photos/suresh_nair.jpg', 'Munnar, Wayanad', 'Agricultural sciences', 3300.00, 2, 9),
(10, 'Sunita Mehta', 'Heritage guide for UNESCO sites in India.', '2024-10-30', 'sunita.mehta@example.com', 'https://example.com/photos/sunita_mehta.jpg', 'Taj Mahal, Qutub Minar', 'UNESCO heritage certification', 4000.00, 1, 10),
(11, 'Rajeev Singh', 'Expert in trekking and adventure tourism.', '2024-11-01', 'rajeev.singh@example.com', 'https://example.com/photos/rajeev_singh.jpg', 'Roopkund, Valley of Flowers', 'Certified adventure sports guide', 4700.00, 1, 11),
(12, 'Ayesha Khan', 'Guide for historical city tours in Hyderabad.', '2024-11-03', 'ayesha.khan@example.com', 'https://example.com/photos/ayesha_khan.jpg', 'Charminar, Golconda Fort', 'History and architecture training', 2800.00, 2, 12),
(13, 'Karan Kapoor', 'Specialist in mountain and hill station tours.', '2024-11-05', 'karan.kapoor@example.com', 'https://example.com/photos/karan_kapoor.jpg', 'Shimla, Nainital', 'Geography and mountain ecology', 4500.00, 1, 13),
(14, 'Meera Joshi', 'Guide for art and handicrafts tours.', '2024-11-07', 'meera.joshi@example.com', 'https://example.com/photos/meera_joshi.jpg', 'Kutch, Rajasthan Handicrafts', 'Cultural studies and handicraft training', 3400.00, 2, 14),
(15, 'Devendra Chatterjee', 'Expert in North-East India tourism.', '2024-11-09', 'devendra.chatterjee@example.com', 'https://example.com/photos/devendra_chatterjee.jpg', 'Shillong, Tawang Monastery', 'Cultural and ecological studies', 4100.00, 1, 15),
(16, 'Pooja Banerjee', 'Specializes in Sundarbans and tiger reserves.', '2024-11-10', 'pooja.banerjee@example.com', 'https://example.com/photos/pooja_banerjee.jpg', 'Sundarbans, Ranthambore', 'Wildlife conservation', 4500.00, 2, 16),
(17, 'Rakesh Kumar', 'Guide for railway journeys and heritage trains.', '2024-11-12', 'rakesh.kumar@example.com', 'https://example.com/photos/rakesh_kumar.jpg', 'Darjeeling Himalayan Railway, Palace on Wheels', 'Heritage railway tour training', 5000.00, 1, 17),
(18, 'Kavita Shetty', 'Expert in food tourism across India.', '2024-11-14', 'kavita.shetty@example.com', 'https://example.com/photos/kavita_shetty.jpg', 'Delhi Street Food, Kerala Cuisine', 'Culinary arts and food history', 3500.00, 2, 18),
(19, 'Ashok Reddy', 'Guide for archaeological sites in India.', '2024-11-16', 'ashok.reddy@example.com', 'https://example.com/photos/ashok_reddy.jpg', 'Hampi, Dholavira', 'Archaeology certification', 4700.00, 2, 19),
(20, 'Manju Yadav', 'Specialist in rural tourism and village tours.', '2024-11-18', 'manju.yadav@example.com', 'https://example.com/photos/manju_yadav.jpg', 'Rajasthan Villages, Gujarat Rural Life', 'Rural development and culture', 3000.00, 1, 20),
(21, 'Nitin Dubey', 'Expert in trekking in Himachal Pradesh.', '2024-11-20', 'nitin.dubey@example.com', 'https://example.com/photos/nitin_dubey.jpg', 'Kullu, Spiti Valley', 'Certified mountaineer', 4300.00, 1, 1),
(22, 'Radhika Shukla', 'Cultural guide for Varanasi and spiritual tours.', '2024-11-22', 'radhika.shukla@example.com', 'https://example.com/photos/radhika_shukla.jpg', 'Varanasi Ghats, Sarnath', 'Religious studies certification', 3200.00, 1, 2),
(23, 'Vinay Tyagi', 'Bird watching and wildlife specialist.', '2024-11-25', 'vinay.tyagi@example.com', 'https://example.com/photos/vinay_tyagi.jpg', 'Bharatpur Bird Sanctuary, Sunderbans', 'Wildlife conservation', 3900.00, 1, 3),
(24, 'Neha Malhotra', 'Specialist in urban street photography tours.', '2024-11-27', 'neha.malhotra@example.com', 'https://example.com/photos/neha_malhotra.jpg', 'Mumbai, Delhi Street Photography', 'Photography and media studies', 3800.00, 2, 4),
(25, 'Arjun Chauhan', 'Tour guide for trekking expeditions in Uttarakhand.', '2024-11-29', 'arjun.chauhan@example.com', 'https://example.com/photos/arjun_chauhan.jpg', 'Nanda Devi, Har Ki Dun', 'Certified trekking guide', 4700.00, 1, 11),
(26, 'Alok Rathi', 'Guide specializing in festivals and fairs in India.', '2024-12-01', 'alok.rathi@example.com', 'https://example.com/photos/alok_rathi.jpg', 'Pushkar Fair, Kumbh Mela', 'Cultural event management', 3500.00, 1, 2),
(27, 'Geeta Deshmukh', 'Expert in exploring caves and archaeological sites.', '2024-12-03', 'geeta.deshmukh@example.com', 'https://example.com/photos/geeta_deshmukh.jpg', 'Ajanta, Ellora Caves', 'Archaeological training', 4000.00, 2, 5),
(28, 'Sanjay Bhatia', 'Certified yoga and wellness retreat guide.', '2024-12-05', 'sanjay.bhatia@example.com', 'https://example.com/photos/sanjay_bhatia.jpg', 'Rishikesh, Kerala Retreats', 'Yoga instructor certification', 3800.00, 1, 8),
(29, 'Ishita Ghosh', 'Specialist in Kolkata’s cultural and food tours.', '2024-12-07', 'ishita.ghosh@example.com', 'https://example.com/photos/ishita_ghosh.jpg', 'Kolkata Street Food, Victoria Memorial', 'Culinary and cultural history', 3100.00, 2, 14),
(30, 'Gaurav Ahuja', 'Trekking guide for the Western Ghats.', '2024-12-09', 'gaurav.ahuja@example.com', 'https://example.com/photos/gaurav_ahuja.jpg', 'Kudremukh, Mullayanagiri', 'Certified trekking and adventure guide', 4500.00, 1, 9),
(31, 'Raj Malhotra', 'Expert in historical city walks in Delhi.', '2024-12-11', 'raj.malhotra@example.com', 'https://example.com/photos/raj_malhotra.jpg', 'Humayun’s Tomb, India Gate', 'History and architecture', 3200.00, 1, 10),
(32, 'Simran Kapoor', 'Guide specializing in river rafting and water sports.', '2024-12-13', 'simran.kapoor@example.com', 'https://example.com/photos/simran_kapoor.jpg', 'Rishikesh Rafting, Zanskar River', 'Water sports and safety certification', 4800.00, 1, 11),
(33, 'Mahesh Nair', 'Expert in exploring Kerala’s wildlife and nature.', '2024-12-15', 'mahesh.nair@example.com', 'https://example.com/photos/mahesh_nair.jpg', 'Periyar Wildlife Sanctuary, Wayanad', 'Wildlife biology and conservation', 3700.00, 2, 8),
(34, 'Tarun Jain', 'Guide for mountain biking expeditions.', '2024-12-17', 'tarun.jain@example.com', 'https://example.com/photos/tarun_jain.jpg', 'Leh-Ladakh, Himachal Trails', 'Mountain biking expert', 5000.00, 1, 13),
(35, 'Deepa Menon', 'Cultural guide for South Indian classical music tours.', '2024-12-19', 'deepa.menon@example.com', 'https://example.com/photos/deepa_menon.jpg', 'Chennai Music Festival, Carnatic Music', 'Musicology and cultural heritage', 3400.00, 2, 4),
(36, 'Arvind Tiwari', 'Expert in historic temples and architecture of India.', '2024-12-21', 'arvind.tiwari@example.com', 'https://example.com/photos/arvind_tiwari.jpg', 'Khajuraho, Konark Sun Temple', 'Art and architectural history', 4300.00, 1, 6),
(37, 'Mehul Patel', 'Guide for Gujarat’s cultural and heritage tours.', '2024-12-23', 'mehul.patel@example.com', 'https://example.com/photos/mehul_patel.jpg', 'Rann of Kutch, Gir Forest', 'Cultural heritage and wildlife conservation', 4500.00, 1, 7),
(38, 'Ritika Sen', 'Expert in historical fort tours in Maharashtra.', '2024-12-25', 'ritika.sen@example.com', 'https://example.com/photos/ritika_sen.jpg', 'Raigad, Sindhudurg Fort', 'History and fort architecture', 3000.00, 2, 5),
(39, 'Siddharth Pandey', 'Specialist in Indian street food tours.', '2024-12-27', 'siddharth.pandey@example.com', 'https://example.com/photos/siddharth_pandey.jpg', 'Delhi, Mumbai, Kolkata Street Food', 'Culinary arts and food history', 3300.00, 1, 9);

SELECT GuideID, COUNT(*) AS Tours_Conducted 
FROM TourGuide 
GROUP BY GuideID;

CREATE TABLE Guide_Language (
    GuideID INT,
    LanguageID INT,
    PRIMARY KEY (GuideID, LanguageID),
    FOREIGN KEY (GuideID) REFERENCES TourGuide(GuideID),
    FOREIGN KEY (LanguageID) REFERENCES Languages(LanguageID)
);

INSERT INTO Guide_Language(GuideID, LanguageID)
VALUES
(1, 1), 
(2, 1),
(3, 1), 
(4, 2), 
(5, 1), 
(6, 2), 
(7, 1), 
(8, 2), 
(9, 2), 
(10, 1), 
(11, 1), 
(12, 2), 
(13, 1), 
(14, 2), 
(15, 1),
(16, 2), 
(17, 1), 
(18, 2), 
(19, 2), 
(20, 1), 
(21, 1), 
(22, 1), 
(23, 1), 
(24, 2),
(25, 1), 
(26, 1), 
(27, 2), 
(28, 1), 
(29, 2), 
(30, 1), 
(31, 1), 
(32, 1),
(33, 2), 
(34, 1), 
(35, 2), 
(36, 1),
(37, 1),
(38, 2),
(39, 1);

CREATE TABLE TourByInterest (
    TourID INT PRIMARY KEY,       
    InterestCategory VARCHAR(100),               
    TourName VARCHAR(255),                      
    Description TEXT,                          
    Duration INT,                                
    Location VARCHAR(100),                       
    Price DECIMAL(10, 2),                        
    Highlights TEXT,                           
    Itinerary TEXT,                             
    DifficultyLevel ENUM( "Easy", "Moderate", "Difficult"), 
    GroupSizeMin INT,                            
    GroupSizeMax INT,                            
    Availability DATE,                          
    Inclusions TEXT,                             
    Exclusions TEXT,                           
    BookingInfo TEXT,
    LocationID INT, 
    FOREIGN KEY (LocationID) REFERENCES Location(LocationID),
    CategoryID INT, 
    FOREIGN KEY (CategoryID) REFERENCES Categories(CategoryID),
    GuideID INT, 
    FOREIGN KEY (GuideID) REFERENCES TourGuide(GuideID),
    accommodation_id VARCHAR(20),
    FOREIGN KEY (accommodation_id) REFERENCES Accommodation(accommodation_id)
);

INSERT INTO TourByInterest(TourID, InterestCategory, TourName, Description, Duration, Location, Price, Highlights, Itinerary, DifficultyLevel, GroupSizeMin,GroupSizeMax, Availability, Inclusions, Exclusions,BookingInfo, LocationID, CategoryID, GuideID, accommodation_id)
VALUES
(1, 'Adventure', 'Himalayan Trek Expedition', 'A thrilling trek through the Himalayan mountains in Manali Valley.', 10, 'Himalayan Treks, Manali Valley', 15000.00, 'Trekking, mountain views, and camping under the stars.', 'Day 1: Arrive at Manali...\nDay 2: Start trek...', 'Difficult', 5, 15, '2024-10-10', 'Trekking gear, meals, camping', 'Personal expenses, insurance', 'Contact amit.singh@example.com for booking', 1, 1, 1, 'BLR001'),
(2, 'Cultural', 'Rajasthan Heritage Tour', 'Explore the forts and palaces of Jaipur and Udaipur.', 7, 'Jaipur Forts, Udaipur Palaces', 10000.00, 'Visit Jaipur, Udaipur palaces, and local markets.', 'Day 1: Arrival in Jaipur...\nDay 2: Visit Amer Fort...', 'Moderate', 8, 20, '2024-10-12', 'Accommodation, meals, and entry fees', 'Personal shopping, tips', 'Book through priya.sharma@example.com', 2, 2, 2, 'BLR002'),
(3, 'Wildlife', 'Wildlife Safari in Indian Reserves', 'Experience the rich wildlife of Jim Corbett and Kaziranga National Park.', 5, 'Jim Corbett, Kaziranga National Park', 12000.00, 'Wildlife safaris, birdwatching, and nature walks.', 'Day 1: Arrival at Corbett...\nDay 2: Jeep safari...', 'Moderate', 4, 12, '2024-10-15', 'Accommodation, guided safaris, meals', 'Travel insurance, personal expenses', 'Contact rahul.verma@example.com for booking', 3, 3, 3, 'BLR003'),
(4, 'Cultural', 'South Indian Temple Tour', 'Discover the grandeur of South Indian temples like Hampi and Madurai.', 8, 'Hampi, Madurai Meenakshi Temple', 14000.00, 'Visit ancient temples, architectural marvels, and cultural hotspots.', 'Day 1: Arrive at Hampi...\nDay 2: Explore Hampi temples...', 'Moderate', 6, 18, '2024-10-18', 'Accommodation, meals, and temple visits', 'Personal expenses, tips', 'Contact sneha.iyer@example.com for booking', 4, 4, 4, 'BLR004'),
(5, 'Urban Exploration', 'Delhi and Mumbai City Tour', 'Explore the bustling cities of Delhi and Mumbai.', 6, 'Delhi, Mumbai', 13000.00, 'City tours, street food exploration, and shopping.', 'Day 1: Arrive in Delhi...\nDay 2: Explore Red Fort...', 'Easy', 10, 25, '2024-10-20', 'Accommodation, meals, and guided tours', 'Shopping expenses, personal tips', 'Contact ravi.gupta@example.com for booking', 5, 5, 5, 'BLR005'),
(6, 'Art & History', 'Khajuraho and Konark Architecture Tour', 'Explore the architectural wonders of Khajuraho Temples and Konark Sun Temple.', 9, 'Khajuraho, Konark Sun Temple', 13500.00, 'Visit historical temples, learn about Indian art and history.', 'Day 1: Arrival at Khajuraho...\nDay 2: Visit Khajuraho temples...', 'Moderate', 8, 20, '2024-10-22', 'Accommodation, meals, entry fees', 'Travel insurance, personal expenses', 'Book with anita.desai@example.com', 6, 6, 6, 'BLR003'),
(7, 'Adventure', 'Jaisalmer Desert Safari', 'An unforgettable adventure in the Thar Desert with camel rides and camping.', 4, 'Thar Desert, Jaisalmer', 8000.00, 'Camel safari, desert camping, and cultural performances.', 'Day 1: Arrival at Jaisalmer...\nDay 2: Start camel safari...', 'Moderate', 6, 15, '2024-10-24', 'Camel safari, meals, and camping', 'Personal expenses, tips', 'Book through vikram.patel@example.com', 7, 3, 7, 'BLR002'),
(8, 'Beach & Coastal', 'Goa and Kerala Backwaters Tour', 'Relax on the beaches of Goa and explore the backwaters of Kerala.', 7, 'Goa, Kerala Backwaters', 16000.00, 'Beach activities, houseboat cruise, and coastal exploration.', 'Day 1: Arrive in Goa...\nDay 2: Beach relaxation...', 'Easy', 10, 20, '2024-10-25', 'Accommodation, meals, houseboat cruise', 'Water sports, personal expenses', 'Contact lakshmi.rao@example.com for booking', 8, 2, 8, 'BLR001'),
(9, 'Adventure', 'Western Ghats Trekking Expedition', 'A trekking adventure through the lush greenery of the Western Ghats.', 6, 'Munnar, Wayanad', 11000.00, 'Trekking, nature exploration, and wildlife sightings.', 'Day 1: Arrival at Munnar...\nDay 2: Start trekking...', 'Difficult', 5, 12, '2024-10-28', 'Trekking gear, accommodation, meals', 'Personal expenses, insurance', 'Book with suresh.nair@example.com', 9, 5, 9, 'BLR004'),
(10, 'Cultural', 'Taj Mahal and Delhi City Tour', 'Visit India’s iconic Taj Mahal and explore Delhi’s historic landmarks.', 3, 'Taj Mahal, Qutub Minar', 9000.00, 'Visit the Taj Mahal, Qutub Minar, and Delhi’s bustling markets.', 'Day 1: Arrival at Agra...\nDay 2: Visit Taj Mahal...', 'Easy', 8, 30, '2024-10-30', 'Accommodation, meals, and entry fees', 'Personal shopping, tips', 'Contact sunita.mehta@example.com for booking', 10, 1, 10, 'BLR001');

SELECT COUNT(TourID) FROM TourByInterest
WHERE InterestCategory = 'Cultural';

SELECT l.Location, COUNT(t.CategoryID) as countOfDestination FROM TourByInterest t
INNER JOIN Location l
ON t.LocationID = l.LocationID
GROUP BY t.LocationID;

SELECT l.Location, COUNT(t.CategoryID) as countOfDestination FROM TourByInterest t
INNER JOIN Location l
ON t.LocationID = l.LocationID
GROUP BY t.LocationID;

SELECT t.Location, c.Category FROM Categories c
LEFT JOIN TourByInterest t
ON c.CategoryID = t.CategoryID;

CREATE TABLE Review(
    review_id INT PRIMARY KEY,
    review_text TEXT,
    rating FLOAT,
    review_date DATE,
    UserID INT,
    Destinationid INT,
    accommodation_id VARCHAR(20),
    activity_id INT,
    TourID INT,
    FOREIGN KEY (UserID) REFERENCES UserInfo(UserID),
    FOREIGN KEY (Destinationid) REFERENCES Destinations(Destinationid),
    FOREIGN KEY (accommodation_id) REFERENCES Accommodation(accommodation_id),
    FOREIGN KEY (activity_id) REFERENCES Activity(activity_id),
    FOREIGN KEY (TourID) REFERENCES TourByInterest(TourID)
);

INSERT INTO Review(review_id, review_text, rating, review_date,UserID,Destinationid, accommodation_id,activity_id, TourID)
VALUES
(1, 'Absolutely loved the Himalayan Trek Expedition! The scenery was stunning, and the guide was excellent.', 5.0, '2024-10-03', 1, 1, 'BLR001', 1, 1),
(2, 'The Rajasthan Heritage Tour was a rich cultural experience. The palaces were beautiful!', 4.7, '2024-10-04', 2, 2, 'BLR002', 2, 2),
(3, 'The Wildlife Safari was fantastic! We saw so many animals in their natural habitat.', 5.0, '2024-10-01', 3, 3, 'BLR003', 3, 3),
(4, 'The South Indian Temple Tour was enlightening, but I wish we had more time at each site.', 4.0, '2024-10-02', 4, 4, 'BLR004', 4, 4),
(5, 'Loved exploring Delhi and Mumbai! Great food and vibrant culture.', 4.5, '2024-10-03', 5, 5, 'BLR005', 5, 5),
(6, 'The Khajuraho and Konark Architecture Tour was simply breathtaking! Highly recommend it.', 4.8, '2024-10-02', 6, 6, 'BLR003', 6, 6),
(7, 'Jaisalmer Desert Safari was the highlight of my trip! The desert camping was unforgettable.', 5.0, '2024-10-04', 7, 7, 'BLR002', 7, 7),
(8, 'The Goa and Kerala Backwaters Tour was perfect for relaxation. Beautiful beaches and backwaters!', 4.9, '2024-10-05', 8, 8, 'BLR001', 8, 8),
(9, 'The Western Ghats Trekking Expedition was tough but rewarding! Great nature experience.', 4.6, '2024-10-01', 9, 9, 'BLR004', 9, 9),
(10, 'Visiting the Taj Mahal was a dream come true! The tour was well organized.', 5.0, '2024-10-03', 10, 10, 'BLR001', 10, 10);

SELECT Location,review_text, rating, review_date FROM Review
INNER JOIN Location
ON Review.Destinationid = Location.LocationID
WHERE Destinationid IN (
	SELECT LocationID FROM Location
)
ORDER BY rating DESC;
